Zeitraum;kWh;Euro;kgCO2;Status
12.10.2022 02:00 - 02:15;4026,000;0,00;2161,962;Ersatzwert
12.10.2022 02:15 - 02:30;3967,000;0,00;2130,279;Ersatzwert
12.10.2022 02:30 - 02:45;4048,000;0,00;2173,776;Ersatzwert
12.10.2022 02:45 - 03:00;3833,000;0,00;2058,321;Ersatzwert
12.10.2022 03:00 - 03:15;3868,000;0,00;2077,116;Ersatzwert
12.10.2022 03:15 - 03:30;4009,000;0,00;2152,833;Ersatzwert
12.10.2022 03:30 - 03:45;3431,000;0,00;1842,447;Ersatzwert
12.10.2022 03:45 - 04:00;3257,000;0,00;1749,009;Ersatzwert
12.10.2022 04:00 - 04:15;3188,000;0,00;1711,956;Ersatzwert
12.10.2022 04:15 - 04:30;3477,000;0,00;1867,149;Ersatzwert
12.10.2022 04:30 - 04:45;4187,000;0,00;2248,419;Ersatzwert
12.10.2022 04:45 - 05:00;4061,000;0,00;2180,757;Ersatzwert
12.10.2022 05:00 - 05:15;4000,000;0,00;2148,000;Ersatzwert
12.10.2022 05:15 - 05:30;3992,000;0,00;2143,704;Ersatzwert
12.10.2022 05:30 - 05:45;3736,000;0,00;2006,232;Ersatzwert
12.10.2022 05:45 - 06:00;3417,000;0,00;1834,929;Ersatzwert
12.10.2022 06:00 - 06:15;3610,000;0,00;1938,570;Ersatzwert
12.10.2022 06:15 - 06:30;3707,000;0,00;1990,659;Ersatzwert
12.10.2022 06:30 - 06:45;3807,000;0,00;2044,359;Ersatzwert
12.10.2022 06:45 - 07:00;3511,000;0,00;1885,407;Ersatzwert
12.10.2022 07:00 - 07:15;3331,000;0,00;1788,747;Ersatzwert
12.10.2022 07:15 - 07:30;3450,000;0,00;1852,650;Ersatzwert
12.10.2022 07:30 - 07:45;3806,000;0,00;2043,822;Ersatzwert
12.10.2022 07:45 - 08:00;4203,000;0,00;2257,011;Ersatzwert
12.10.2022 08:00 - 08:15;4229,000;0,00;2270,973;Ersatzwert
12.10.2022 08:15 - 08:30;3942,000;0,00;2116,854;Ersatzwert
12.10.2022 08:30 - 08:45;3745,000;0,00;2011,065;Ersatzwert
12.10.2022 08:45 - 09:00;3418,000;0,00;1835,466;Ersatzwert
12.10.2022 09:00 - 09:15;3626,000;0,00;1947,162;Ersatzwert
12.10.2022 09:15 - 09:30;3501,000;0,00;1880,037;Ersatzwert
12.10.2022 09:30 - 09:45;3574,000;0,00;1919,238;Ersatzwert
12.10.2022 09:45 - 10:00;4128,000;0,00;2216,736;Ersatzwert
12.10.2022 10:00 - 10:15;3888,000;0,00;2087,856;Ersatzwert
12.10.2022 10:15 - 10:30;3897,000;0,00;2092,689;Ersatzwert
12.10.2022 10:30 - 10:45;3899,000;0,00;2093,763;Ersatzwert
12.10.2022 10:45 - 11:00;4184,000;0,00;2246,808;Ersatzwert
12.10.2022 11:00 - 11:15;3999,000;0,00;2147,463;Ersatzwert
12.10.2022 11:15 - 11:30;3849,000;0,00;2066,913;Ersatzwert
12.10.2022 11:30 - 11:45;3531,000;0,00;1896,147;Ersatzwert
12.10.2022 11:45 - 12:00;3617,000;0,00;1942,329;Ersatzwert
12.10.2022 12:00 - 12:15;3712,000;0,00;1993,344;Ersatzwert
12.10.2022 12:15 - 12:30;3853,000;0,00;2069,061;Ersatzwert
12.10.2022 12:30 - 12:45;3944,000;0,00;2117,928;Ersatzwert
12.10.2022 12:45 - 13:00;4138,000;0,00;2222,106;Ersatzwert
12.10.2022 13:00 - 13:15;4012,000;0,00;2154,444;Ersatzwert
12.10.2022 13:15 - 13:30;3638,000;0,00;1953,606;Ersatzwert
12.10.2022 13:30 - 13:45;3472,000;0,00;1864,464;Ersatzwert
12.10.2022 13:45 - 14:00;3623,000;0,00;1945,551;Ersatzwert
12.10.2022 14:00 - 14:15;3584,000;0,00;1924,608;Ersatzwert
12.10.2022 14:15 - 14:30;3596,000;0,00;1931,052;Ersatzwert
12.10.2022 14:30 - 14:45;3642,000;0,00;1955,754;Ersatzwert
12.10.2022 14:45 - 15:00;3522,000;0,00;1891,314;Ersatzwert
12.10.2022 15:00 - 15:15;3372,000;0,00;1810,764;Ersatzwert
12.10.2022 15:15 - 15:30;3608,000;0,00;1937,496;Ersatzwert
12.10.2022 15:30 - 15:45;3693,000;0,00;1983,141;Ersatzwert
12.10.2022 15:45 - 16:00;3577,000;0,00;1920,849;Ersatzwert
12.10.2022 16:00 - 16:15;3548,000;0,00;1905,276;Ersatzwert
12.10.2022 16:15 - 16:30;3533,000;0,00;1897,221;Ersatzwert
12.10.2022 16:30 - 16:45;3439,000;0,00;1846,743;Ersatzwert
12.10.2022 16:45 - 17:00;3485,000;0,00;1871,445;Ersatzwert
12.10.2022 17:00 - 17:15;3896,000;0,00;2092,152;Ersatzwert
12.10.2022 17:15 - 17:30;3600,000;0,00;1933,200;Ersatzwert
12.10.2022 17:30 - 17:45;3362,000;0,00;1805,394;Ersatzwert
12.10.2022 17:45 - 18:00;3484,000;0,00;1870,908;Ersatzwert
12.10.2022 18:00 - 18:15;3660,000;0,00;1965,420;Ersatzwert
12.10.2022 18:15 - 18:30;3670,000;0,00;1970,790;Ersatzwert
12.10.2022 18:30 - 18:45;3689,000;0,00;1980,993;Ersatzwert
12.10.2022 18:45 - 19:00;3646,000;0,00;1957,902;Ersatzwert
12.10.2022 19:00 - 19:15;3614,000;0,00;1940,718;Ersatzwert
12.10.2022 19:15 - 19:30;3586,000;0,00;1925,682;Ersatzwert
12.10.2022 19:30 - 19:45;3146,000;0,00;1689,402;Ersatzwert
12.10.2022 19:45 - 20:00;3221,000;0,00;1729,677;Ersatzwert
12.10.2022 20:00 - 20:15;3341,000;0,00;1794,117;Ersatzwert
12.10.2022 20:15 - 20:30;3255,000;0,00;1747,935;Ersatzwert
12.10.2022 20:30 - 20:45;3397,000;0,00;1824,189;Ersatzwert
12.10.2022 20:45 - 21:00;3328,000;0,00;1787,136;Ersatzwert
12.10.2022 21:00 - 21:15;3297,000;0,00;1770,489;Ersatzwert
12.10.2022 21:15 - 21:30;3053,000;0,00;1639,461;Ersatzwert
12.10.2022 21:30 - 21:45;3277,000;0,00;1759,749;Ersatzwert
12.10.2022 21:45 - 22:00;3715,000;0,00;1994,955;Ersatzwert
12.10.2022 22:00 - 22:15;3833,000;0,00;2058,321;Ersatzwert
12.10.2022 22:15 - 22:30;3289,000;0,00;1766,193;Ersatzwert
12.10.2022 22:30 - 22:45;3482,000;0,00;1869,834;Ersatzwert
12.10.2022 22:45 - 23:00;3261,000;0,00;1751,157;Ersatzwert
12.10.2022 23:00 - 23:15;3150,000;0,00;1691,550;Ersatzwert
12.10.2022 23:15 - 23:30;3126,000;0,00;1678,662;Ersatzwert
12.10.2022 23:30 - 23:45;3384,000;0,00;1817,208;Ersatzwert
12.10.2022 23:45 - 00:00;3653,000;0,00;1961,661;Ersatzwert
13.10.2022 00:00 - 00:15;3327,000;0,00;1786,599;Ersatzwert
13.10.2022 00:15 - 00:30;3325,000;0,00;1785,525;Ersatzwert
13.10.2022 00:30 - 00:45;3580,000;0,00;1922,460;Ersatzwert
13.10.2022 00:45 - 01:00;3267,000;0,00;1754,379;Ersatzwert
13.10.2022 01:00 - 01:15;2779,000;0,00;1492,323;Ersatzwert
13.10.2022 01:15 - 01:30;2861,000;0,00;1536,357;Ersatzwert
13.10.2022 01:30 - 01:45;3123,000;0,00;1677,051;Ersatzwert
13.10.2022 01:45 - 02:00;3061,000;0,00;1643,757;Ersatzwert
13.10.2022 02:00 - 02:15;2716,000;0,00;1458,492;Ersatzwert
13.10.2022 02:15 - 02:30;2701,000;0,00;1450,437;Ersatzwert
13.10.2022 02:30 - 02:45;2626,000;0,00;1410,162;Ersatzwert
13.10.2022 02:45 - 03:00;3318,000;0,00;1781,766;Ersatzwert
13.10.2022 03:00 - 03:15;3407,000;0,00;1829,559;Ersatzwert
13.10.2022 03:15 - 03:30;3352,000;0,00;1800,024;Ersatzwert
13.10.2022 03:30 - 03:45;2935,000;0,00;1576,095;Ersatzwert
13.10.2022 03:45 - 04:00;2704,000;0,00;1452,048;Ersatzwert
13.10.2022 04:00 - 04:15;2516,000;0,00;1351,092;Ersatzwert
13.10.2022 04:15 - 04:30;2824,000;0,00;1516,488;Ersatzwert
13.10.2022 04:30 - 04:45;2776,000;0,00;1490,712;Ersatzwert
13.10.2022 04:45 - 05:00;2533,000;0,00;1360,221;Ersatzwert
13.10.2022 05:00 - 05:15;2356,000;0,00;1265,172;Ersatzwert
13.10.2022 05:15 - 05:30;2145,000;0,00;1151,865;Ersatzwert
13.10.2022 05:30 - 05:45;2314,000;0,00;1242,618;Ersatzwert
13.10.2022 05:45 - 06:00;2190,000;0,00;1176,030;Ersatzwert
13.10.2022 06:00 - 06:15;1592,000;0,00;854,904;Ersatzwert
13.10.2022 06:15 - 06:30;1782,000;0,00;956,934;Ersatzwert
13.10.2022 06:30 - 06:45;1989,000;0,00;1068,093;Ersatzwert
13.10.2022 06:45 - 07:00;1902,000;0,00;1021,374;Ersatzwert
13.10.2022 07:00 - 07:15;2304,000;0,00;1237,248;Ersatzwert
13.10.2022 07:15 - 07:30;3146,000;0,00;1689,402;Ersatzwert
13.10.2022 07:30 - 07:45;2642,000;0,00;1418,754;Ersatzwert
13.10.2022 07:45 - 08:00;2249,000;0,00;1207,713;Ersatzwert
13.10.2022 08:00 - 08:15;2153,000;0,00;1156,161;Ersatzwert
13.10.2022 08:15 - 08:30;2254,000;0,00;1210,398;Ersatzwert
13.10.2022 08:30 - 08:45;2453,000;0,00;1317,261;Ersatzwert
13.10.2022 08:45 - 09:00;2204,000;0,00;1183,548;Ersatzwert
13.10.2022 09:00 - 09:15;1924,000;0,00;1033,188;Ersatzwert
13.10.2022 09:15 - 09:30;1780,000;0,00;955,860;Ersatzwert
13.10.2022 09:30 - 09:45;1727,000;0,00;927,399;Ersatzwert
13.10.2022 09:45 - 10:00;1590,000;0,00;853,830;Ersatzwert
13.10.2022 10:00 - 10:15;1531,000;0,00;822,147;Ersatzwert
13.10.2022 10:15 - 10:30;1548,000;0,00;831,276;Ersatzwert
13.10.2022 10:30 - 10:45;1480,000;0,00;794,760;Ersatzwert
13.10.2022 10:45 - 11:00;1377,000;0,00;739,449;Ersatzwert
13.10.2022 11:00 - 11:15;1314,000;0,00;705,618;Ersatzwert
13.10.2022 11:15 - 11:30;1266,000;0,00;679,842;Ersatzwert
13.10.2022 11:30 - 11:45;1270,000;0,00;681,990;Ersatzwert
13.10.2022 11:45 - 12:00;1331,000;0,00;714,747;Ersatzwert
13.10.2022 12:00 - 12:15;1348,000;0,00;723,876;Ersatzwert
13.10.2022 12:15 - 12:30;1397,000;0,00;750,189;Ersatzwert
13.10.2022 12:30 - 12:45;1351,000;0,00;725,487;Ersatzwert
13.10.2022 12:45 - 13:00;1310,000;0,00;703,470;Ersatzwert
13.10.2022 13:00 - 13:15;1337,000;0,00;717,969;Ersatzwert
13.10.2022 13:15 - 13:30;1355,000;0,00;727,635;Ersatzwert
13.10.2022 13:30 - 13:45;1374,000;0,00;737,838;Ersatzwert
13.10.2022 13:45 - 14:00;1406,000;0,00;755,022;Ersatzwert
13.10.2022 14:00 - 14:15;1317,000;0,00;707,229;Ersatzwert
13.10.2022 14:15 - 14:30;1318,000;0,00;707,766;Ersatzwert
13.10.2022 14:30 - 14:45;1340,000;0,00;719,580;Ersatzwert
13.10.2022 14:45 - 15:00;1328,000;0,00;713,136;Ersatzwert
13.10.2022 15:00 - 15:15;1348,000;0,00;723,876;Ersatzwert
13.10.2022 15:15 - 15:30;1533,000;0,00;823,221;Ersatzwert
13.10.2022 15:30 - 15:45;1566,000;0,00;840,942;Ersatzwert
13.10.2022 15:45 - 16:00;1489,000;0,00;799,593;Ersatzwert
13.10.2022 16:00 - 16:15;1516,000;0,00;814,092;Ersatzwert
13.10.2022 16:15 - 16:30;1547,000;0,00;830,739;Ersatzwert
13.10.2022 16:30 - 16:45;1602,000;0,00;860,274;Ersatzwert
13.10.2022 16:45 - 17:00;1420,000;0,00;762,540;Ersatzwert
13.10.2022 17:00 - 17:15;1541,000;0,00;827,517;Ersatzwert
13.10.2022 17:15 - 17:30;1580,000;0,00;848,460;Ersatzwert
13.10.2022 17:30 - 17:45;1566,000;0,00;840,942;Ersatzwert
13.10.2022 17:45 - 18:00;1613,000;0,00;866,181;Ersatzwert
13.10.2022 18:00 - 18:15;1625,000;0,00;872,625;Ersatzwert
13.10.2022 18:15 - 18:30;1632,000;0,00;876,384;Ersatzwert
13.10.2022 18:30 - 18:45;1616,000;0,00;867,792;Ersatzwert
13.10.2022 18:45 - 19:00;1562,000;0,00;838,794;Ersatzwert
13.10.2022 19:00 - 19:15;1625,000;0,00;872,625;Ersatzwert
13.10.2022 19:15 - 19:30;1602,000;0,00;860,274;Ersatzwert
13.10.2022 19:30 - 19:45;1590,000;0,00;853,830;Ersatzwert
13.10.2022 19:45 - 20:00;1673,000;0,00;898,401;Ersatzwert
13.10.2022 20:00 - 20:15;1658,000;0,00;890,346;Ersatzwert
13.10.2022 20:15 - 20:30;1695,000;0,00;910,215;Ersatzwert
13.10.2022 20:30 - 20:45;1668,000;0,00;895,716;Ersatzwert
13.10.2022 20:45 - 21:00;1625,000;0,00;872,625;Ersatzwert
13.10.2022 21:00 - 21:15;1632,000;0,00;876,384;Ersatzwert
13.10.2022 21:15 - 21:30;1655,000;0,00;888,735;Ersatzwert
13.10.2022 21:30 - 21:45;1717,000;0,00;922,029;Ersatzwert
13.10.2022 21:45 - 22:00;1683,000;0,00;903,771;Ersatzwert
13.10.2022 22:00 - 22:15;1659,000;0,00;890,883;Ersatzwert
13.10.2022 22:15 - 22:30;1669,000;0,00;896,253;Ersatzwert
13.10.2022 22:30 - 22:45;1700,000;0,00;912,900;Ersatzwert
13.10.2022 22:45 - 23:00;1698,000;0,00;911,826;Ersatzwert
13.10.2022 23:00 - 23:15;1615,000;0,00;867,255;Ersatzwert
13.10.2022 23:15 - 23:30;1791,000;0,00;961,767;Ersatzwert
13.10.2022 23:30 - 23:45;1823,000;0,00;978,951;Ersatzwert
13.10.2022 23:45 - 00:00;1683,000;0,00;903,771;Ersatzwert
14.10.2022 00:00 - 00:15;1609,000;0,00;864,033;Ersatzwert
14.10.2022 00:15 - 00:30;1582,000;0,00;849,534;Ersatzwert
14.10.2022 00:30 - 00:45;1580,000;0,00;848,460;Ersatzwert
14.10.2022 00:45 - 01:00;1736,000;0,00;932,232;Ersatzwert
14.10.2022 01:00 - 01:15;1611,000;0,00;865,107;Ersatzwert
14.10.2022 01:15 - 01:30;1529,000;0,00;821,073;Ersatzwert
14.10.2022 01:30 - 01:45;1572,000;0,00;844,164;Ersatzwert
14.10.2022 01:45 - 02:00;1712,000;0,00;919,344;Ersatzwert
14.10.2022 02:00 - 02:15;1739,000;0,00;933,843;Ersatzwert
14.10.2022 02:15 - 02:30;1632,000;0,00;876,384;Ersatzwert
14.10.2022 02:30 - 02:45;1592,000;0,00;854,904;Ersatzwert
14.10.2022 02:45 - 03:00;1647,000;0,00;884,439;Ersatzwert
14.10.2022 03:00 - 03:15;1499,000;0,00;804,963;Ersatzwert
14.10.2022 03:15 - 03:30;1410,000;0,00;757,170;Ersatzwert
14.10.2022 03:30 - 03:45;1418,000;0,00;761,466;Ersatzwert
14.10.2022 03:45 - 04:00;1594,000;0,00;855,978;Ersatzwert
14.10.2022 04:00 - 04:15;1676,000;0,00;900,012;Ersatzwert
14.10.2022 04:15 - 04:30;1629,000;0,00;874,773;Ersatzwert
14.10.2022 04:30 - 04:45;1475,000;0,00;792,075;Ersatzwert
14.10.2022 04:45 - 05:00;1471,000;0,00;789,927;Ersatzwert
14.10.2022 05:00 - 05:15;1518,000;0,00;815,166;Ersatzwert
14.10.2022 05:15 - 05:30;2153,000;0,00;1156,161;Ersatzwert
14.10.2022 05:30 - 05:45;2117,000;0,00;1136,829;Ersatzwert
14.10.2022 05:45 - 06:00;1902,000;0,00;1021,374;Ersatzwert
14.10.2022 06:00 - 06:15;1838,000;0,00;987,006;Ersatzwert
14.10.2022 06:15 - 06:30;1730,000;0,00;929,010;Ersatzwert
14.10.2022 06:30 - 06:45;1736,000;0,00;932,232;Ersatzwert
14.10.2022 06:45 - 07:00;1768,000;0,00;949,416;Ersatzwert
14.10.2022 07:00 - 07:15;1788,000;0,00;960,156;Ersatzwert
14.10.2022 07:15 - 07:30;1918,000;0,00;1029,966;Ersatzwert
14.10.2022 07:30 - 07:45;2153,000;0,00;1156,161;Ersatzwert
14.10.2022 07:45 - 08:00;2222,000;0,00;1193,214;Ersatzwert
14.10.2022 08:00 - 08:15;2502,000;0,00;1343,574;Ersatzwert
14.10.2022 08:15 - 08:30;2567,000;0,00;1378,479;Ersatzwert
14.10.2022 08:30 - 08:45;2369,000;0,00;1272,153;Ersatzwert
14.10.2022 08:45 - 09:00;2408,000;0,00;1293,096;Ersatzwert
14.10.2022 09:00 - 09:15;2343,000;0,00;1258,191;Ersatzwert
14.10.2022 09:15 - 09:30;2912,000;0,00;1563,744;Ersatzwert
14.10.2022 09:30 - 09:45;2560,000;0,00;1374,720;Ersatzwert
14.10.2022 09:45 - 10:00;2823,000;0,00;1515,951;Ersatzwert
14.10.2022 10:00 - 10:15;2956,000;0,00;1587,372;Ersatzwert
14.10.2022 10:15 - 10:30;2859,000;0,00;1535,283;Ersatzwert
14.10.2022 10:30 - 10:45;2453,000;0,00;1317,261;Ersatzwert
14.10.2022 10:45 - 11:00;2210,000;0,00;1186,770;Ersatzwert
14.10.2022 11:00 - 11:15;2201,000;0,00;1181,937;Ersatzwert
14.10.2022 11:15 - 11:30;2293,000;0,00;1231,341;Ersatzwert
14.10.2022 11:30 - 11:45;2297,000;0,00;1233,489;Ersatzwert
14.10.2022 11:45 - 12:00;2225,000;0,00;1194,825;Ersatzwert
14.10.2022 12:00 - 12:15;2044,000;0,00;1097,628;Ersatzwert
14.10.2022 12:15 - 12:30;2005,000;0,00;1076,685;Ersatzwert
14.10.2022 12:30 - 12:45;2147,000;0,00;1152,939;Ersatzwert
14.10.2022 12:45 - 13:00;2246,000;0,00;1206,102;Ersatzwert
14.10.2022 13:00 - 13:15;2027,000;0,00;1088,499;Ersatzwert
14.10.2022 13:15 - 13:30;1888,000;0,00;1013,856;Ersatzwert
14.10.2022 13:30 - 13:45;2084,000;0,00;1119,108;Ersatzwert
14.10.2022 13:45 - 14:00;1892,000;0,00;1016,004;Ersatzwert
14.10.2022 14:00 - 14:15;1848,000;0,00;992,376;Ersatzwert
14.10.2022 14:15 - 14:30;2015,000;0,00;1082,055;Ersatzwert
14.10.2022 14:30 - 14:45;1953,000;0,00;1048,761;Ersatzwert
14.10.2022 14:45 - 15:00;1898,000;0,00;1019,226;Ersatzwert
14.10.2022 15:00 - 15:15;1940,000;0,00;1041,780;Ersatzwert
14.10.2022 15:15 - 15:30;2180,000;0,00;1170,660;Ersatzwert
14.10.2022 15:30 - 15:45;1981,000;0,00;1063,797;Ersatzwert
14.10.2022 15:45 - 16:00;1965,000;0,00;1055,205;Ersatzwert
14.10.2022 16:00 - 16:15;1863,000;0,00;1000,431;Ersatzwert
14.10.2022 16:15 - 16:30;2052,000;0,00;1101,924;Ersatzwert
14.10.2022 16:30 - 16:45;2221,000;0,00;1192,677;Ersatzwert
14.10.2022 16:45 - 17:00;2081,000;0,00;1117,497;Ersatzwert
14.10.2022 17:00 - 17:15;2427,000;0,00;1303,299;Ersatzwert
14.10.2022 17:15 - 17:30;2304,000;0,00;1237,248;Ersatzwert
14.10.2022 17:30 - 17:45;2461,000;0,00;1321,557;Ersatzwert
14.10.2022 17:45 - 18:00;2484,000;0,00;1333,908;Ersatzwert
14.10.2022 18:00 - 18:15;2456,000;0,00;1318,872;Ersatzwert
14.10.2022 18:15 - 18:30;2466,000;0,00;1324,242;Ersatzwert
14.10.2022 18:30 - 18:45;2588,000;0,00;1389,756;Ersatzwert
14.10.2022 18:45 - 19:00;2417,000;0,00;1297,929;Ersatzwert
14.10.2022 19:00 - 19:15;2475,000;0,00;1329,075;Ersatzwert
14.10.2022 19:15 - 19:30;2498,000;0,00;1341,426;Ersatzwert
14.10.2022 19:30 - 19:45;2467,000;0,00;1324,779;Ersatzwert
14.10.2022 19:45 - 20:00;2453,000;0,00;1317,261;Ersatzwert
14.10.2022 20:00 - 20:15;2465,000;0,00;1323,705;Ersatzwert
14.10.2022 20:15 - 20:30;2445,000;0,00;1312,965;Ersatzwert
14.10.2022 20:30 - 20:45;2431,000;0,00;1305,447;Ersatzwert
14.10.2022 20:45 - 21:00;2541,000;0,00;1364,517;Ersatzwert
14.10.2022 21:00 - 21:15;2408,000;0,00;1293,096;Ersatzwert
14.10.2022 21:15 - 21:30;2196,000;0,00;1179,252;Ersatzwert
14.10.2022 21:30 - 21:45;2209,000;0,00;1186,233;Ersatzwert
14.10.2022 21:45 - 22:00;2292,000;0,00;1230,804;Ersatzwert
14.10.2022 22:00 - 22:15;2365,000;0,00;1270,005;Ersatzwert
14.10.2022 22:15 - 22:30;2442,000;0,00;1311,354;Ersatzwert
14.10.2022 22:30 - 22:45;2464,000;0,00;1323,168;Ersatzwert
14.10.2022 22:45 - 23:00;2396,000;0,00;1286,652;Ersatzwert
14.10.2022 23:00 - 23:15;2396,000;0,00;1286,652;Ersatzwert
14.10.2022 23:15 - 23:30;2349,000;0,00;1261,413;Ersatzwert
14.10.2022 23:30 - 23:45;2342,000;0,00;1257,654;Ersatzwert
14.10.2022 23:45 - 00:00;2283,000;0,00;1225,971;Ersatzwert
15.10.2022 00:00 - 00:15;2235,000;0,00;1200,195;Ersatzwert
15.10.2022 00:15 - 00:30;2377,000;0,00;1276,449;Ersatzwert
15.10.2022 00:30 - 00:45;2818,000;0,00;1513,266;Ersatzwert
15.10.2022 00:45 - 01:00;2604,000;0,00;1398,348;Ersatzwert
15.10.2022 01:00 - 01:15;2649,000;0,00;1422,513;Ersatzwert
15.10.2022 01:15 - 01:30;2703,000;0,00;1451,511;Ersatzwert
15.10.2022 01:30 - 01:45;2733,000;0,00;1467,621;Ersatzwert
15.10.2022 01:45 - 02:00;2642,000;0,00;1418,754;Ersatzwert
15.10.2022 02:00 - 02:15;2469,000;0,00;1325,853;Ersatzwert
15.10.2022 02:15 - 02:30;2449,000;0,00;1315,113;Ersatzwert
15.10.2022 02:30 - 02:45;2518,000;0,00;1352,166;Ersatzwert
15.10.2022 02:45 - 03:00;2543,000;0,00;1365,591;Ersatzwert
15.10.2022 03:00 - 03:15;2621,000;0,00;1407,477;Ersatzwert
15.10.2022 03:15 - 03:30;2657,000;0,00;1426,809;Ersatzwert
15.10.2022 03:30 - 03:45;2578,000;0,00;1384,386;Ersatzwert
15.10.2022 03:45 - 04:00;2535,000;0,00;1361,295;Ersatzwert
15.10.2022 04:00 - 04:15;2557,000;0,00;1373,109;Ersatzwert
15.10.2022 04:15 - 04:30;2708,000;0,00;1454,196;Ersatzwert
15.10.2022 04:30 - 04:45;2765,000;0,00;1484,805;Ersatzwert
15.10.2022 04:45 - 05:00;2821,000;0,00;1514,877;Ersatzwert
15.10.2022 05:00 - 05:15;2910,000;0,00;1562,670;Ersatzwert
15.10.2022 05:15 - 05:30;3177,000;0,00;1706,049;Ersatzwert
15.10.2022 05:30 - 05:45;2833,000;0,00;1521,321;Ersatzwert
15.10.2022 05:45 - 06:00;2962,000;0,00;1590,594;Ersatzwert
15.10.2022 06:00 - 06:15;3024,000;0,00;1623,888;Ersatzwert
15.10.2022 06:15 - 06:30;2967,000;0,00;1593,279;Ersatzwert
15.10.2022 06:30 - 06:45;2972,000;0,00;1595,964;Ersatzwert
15.10.2022 06:45 - 07:00;2830,000;0,00;1519,710;Ersatzwert
15.10.2022 07:00 - 07:15;2823,000;0,00;1515,951;Ersatzwert
15.10.2022 07:15 - 07:30;2960,000;0,00;1589,520;Ersatzwert
15.10.2022 07:30 - 07:45;3059,000;0,00;1642,683;Ersatzwert
15.10.2022 07:45 - 08:00;3063,000;0,00;1644,831;Ersatzwert
15.10.2022 08:00 - 08:15;3163,000;0,00;1698,531;Ersatzwert
15.10.2022 08:15 - 08:30;3069,000;0,00;1648,053;Ersatzwert
15.10.2022 08:30 - 08:45;3057,000;0,00;1641,609;Ersatzwert
15.10.2022 08:45 - 09:00;2948,000;0,00;1583,076;Ersatzwert
15.10.2022 09:00 - 09:15;3075,000;0,00;1651,275;Ersatzwert
15.10.2022 09:15 - 09:30;2985,000;0,00;1602,945;Ersatzwert
15.10.2022 09:30 - 09:45;3014,000;0,00;1618,518;Ersatzwert
15.10.2022 09:45 - 10:00;2925,000;0,00;1570,725;Ersatzwert
15.10.2022 10:00 - 10:15;2929,000;0,00;1572,873;Ersatzwert
15.10.2022 10:15 - 10:30;2902,000;0,00;1558,374;Ersatzwert
15.10.2022 10:30 - 10:45;2750,000;0,00;1476,750;Ersatzwert
15.10.2022 10:45 - 11:00;2870,000;0,00;1541,190;Ersatzwert
15.10.2022 11:00 - 11:15;2653,000;0,00;1424,661;Ersatzwert
15.10.2022 11:15 - 11:30;2739,000;0,00;1470,843;Ersatzwert
15.10.2022 11:30 - 11:45;2596,000;0,00;1394,052;Ersatzwert
15.10.2022 11:45 - 12:00;2676,000;0,00;1437,012;Ersatzwert
15.10.2022 12:00 - 12:15;2878,000;0,00;1545,486;Ersatzwert
15.10.2022 12:15 - 12:30;2842,000;0,00;1526,154;Ersatzwert
15.10.2022 12:30 - 12:45;2758,000;0,00;1481,046;Ersatzwert
15.10.2022 12:45 - 13:00;2728,000;0,00;1464,936;Ersatzwert
15.10.2022 13:00 - 13:15;2871,000;0,00;1541,727;Ersatzwert
15.10.2022 13:15 - 13:30;3010,000;0,00;1616,370;Ersatzwert
15.10.2022 13:30 - 13:45;3013,000;0,00;1617,981;Ersatzwert
15.10.2022 13:45 - 14:00;2680,000;0,00;1439,160;Ersatzwert
15.10.2022 14:00 - 14:15;2613,000;0,00;1403,181;Ersatzwert
15.10.2022 14:15 - 14:30;2630,000;0,00;1412,310;Ersatzwert
15.10.2022 14:30 - 14:45;2598,000;0,00;1395,126;Ersatzwert
15.10.2022 14:45 - 15:00;2621,000;0,00;1407,477;Ersatzwert
15.10.2022 15:00 - 15:15;2596,000;0,00;1394,052;Ersatzwert
15.10.2022 15:15 - 15:30;2747,000;0,00;1475,139;Ersatzwert
15.10.2022 15:30 - 15:45;2894,000;0,00;1554,078;Ersatzwert
15.10.2022 15:45 - 16:00;2979,000;0,00;1599,723;Ersatzwert
15.10.2022 16:00 - 16:15;3375,000;0,00;1812,375;Ersatzwert
15.10.2022 16:15 - 16:30;3468,000;0,00;1862,316;Ersatzwert
15.10.2022 16:30 - 16:45;3508,000;0,00;1883,796;Ersatzwert
15.10.2022 16:45 - 17:00;3559,000;0,00;1911,183;Ersatzwert
15.10.2022 17:00 - 17:15;3560,000;0,00;1911,720;Ersatzwert
15.10.2022 17:15 - 17:30;2936,000;0,00;1576,632;Ersatzwert
15.10.2022 17:30 - 17:45;3022,000;0,00;1622,814;Ersatzwert
15.10.2022 17:45 - 18:00;2958,000;0,00;1588,446;Ersatzwert
15.10.2022 18:00 - 18:15;3581,000;0,00;1922,997;Ersatzwert
15.10.2022 18:15 - 18:30;3138,000;0,00;1685,106;Ersatzwert
15.10.2022 18:30 - 18:45;3089,000;0,00;1658,793;Ersatzwert
15.10.2022 18:45 - 19:00;3177,000;0,00;1706,049;Ersatzwert
15.10.2022 19:00 - 19:15;3059,000;0,00;1642,683;Ersatzwert
15.10.2022 19:15 - 19:30;3126,000;0,00;1678,662;Ersatzwert
15.10.2022 19:30 - 19:45;3155,000;0,00;1694,235;Ersatzwert
15.10.2022 19:45 - 20:00;2886,000;0,00;1549,782;Ersatzwert
15.10.2022 20:00 - 20:15;2957,000;0,00;1587,909;Ersatzwert
15.10.2022 20:15 - 20:30;3249,000;0,00;1744,713;Ersatzwert
15.10.2022 20:30 - 20:45;3239,000;0,00;1739,343;Ersatzwert
15.10.2022 20:45 - 21:00;3194,000;0,00;1715,178;Ersatzwert
15.10.2022 21:00 - 21:15;3197,000;0,00;1716,789;Ersatzwert
15.10.2022 21:15 - 21:30;3053,000;0,00;1639,461;Ersatzwert
15.10.2022 21:30 - 21:45;2975,000;0,00;1597,575;Ersatzwert
15.10.2022 21:45 - 22:00;2917,000;0,00;1566,429;Ersatzwert
15.10.2022 22:00 - 22:15;2976,000;0,00;1598,112;Ersatzwert
15.10.2022 22:15 - 22:30;2935,000;0,00;1576,095;Ersatzwert
15.10.2022 22:30 - 22:45;2810,000;0,00;1508,970;Ersatzwert
15.10.2022 22:45 - 23:00;2538,000;0,00;1362,906;Ersatzwert
15.10.2022 23:00 - 23:15;2700,000;0,00;1449,900;Ersatzwert
15.10.2022 23:15 - 23:30;2669,000;0,00;1433,253;Ersatzwert
15.10.2022 23:30 - 23:45;3021,000;0,00;1622,277;Ersatzwert
15.10.2022 23:45 - 00:00;3325,000;0,00;1785,525;Ersatzwert
16.10.2022 00:00 - 00:15;3278,000;0,00;1760,286;Ersatzwert
16.10.2022 00:15 - 00:30;3320,000;0,00;1782,840;Ersatzwert
16.10.2022 00:30 - 00:45;3418,000;0,00;1835,466;Ersatzwert
16.10.2022 00:45 - 01:00;3447,000;0,00;1851,039;Ersatzwert
16.10.2022 01:00 - 01:15;3322,000;0,00;1783,914;Ersatzwert
16.10.2022 01:15 - 01:30;3344,000;0,00;1795,728;Ersatzwert
16.10.2022 01:30 - 01:45;3320,000;0,00;1782,840;Ersatzwert
16.10.2022 01:45 - 02:00;3306,000;0,00;1775,322;Ersatzwert
16.10.2022 02:00 - 02:15;3166,000;0,00;1700,142;Ersatzwert
16.10.2022 02:15 - 02:30;3179,000;0,00;1707,123;Ersatzwert
16.10.2022 02:30 - 02:45;3142,000;0,00;1687,254;Ersatzwert
16.10.2022 02:45 - 03:00;3229,000;0,00;1733,973;Ersatzwert
16.10.2022 03:00 - 03:15;3211,000;0,00;1724,307;Ersatzwert
16.10.2022 03:15 - 03:30;3187,000;0,00;1711,419;Ersatzwert
16.10.2022 03:30 - 03:45;3185,000;0,00;1710,345;Ersatzwert
16.10.2022 03:45 - 04:00;3244,000;0,00;1742,028;Ersatzwert
16.10.2022 04:00 - 04:15;3111,000;0,00;1670,607;Ersatzwert
16.10.2022 04:15 - 04:30;3297,000;0,00;1770,489;Ersatzwert
16.10.2022 04:30 - 04:45;3338,000;0,00;1792,506;Ersatzwert
16.10.2022 04:45 - 05:00;3283,000;0,00;1762,971;Ersatzwert
16.10.2022 05:00 - 05:15;3242,000;0,00;1740,954;Ersatzwert
16.10.2022 05:15 - 05:30;3189,000;0,00;1712,493;Ersatzwert
16.10.2022 05:30 - 05:45;3238,000;0,00;1738,806;Ersatzwert
16.10.2022 05:45 - 06:00;3366,000;0,00;1807,542;Ersatzwert
16.10.2022 06:00 - 06:15;3305,000;0,00;1774,785;Ersatzwert
16.10.2022 06:15 - 06:30;3259,000;0,00;1750,083;Ersatzwert
16.10.2022 06:30 - 06:45;3251,000;0,00;1745,787;Ersatzwert
16.10.2022 06:45 - 07:00;3092,000;0,00;1660,404;Ersatzwert
16.10.2022 07:00 - 07:15;3034,000;0,00;1629,258;Ersatzwert
16.10.2022 07:15 - 07:30;3320,000;0,00;1782,840;Ersatzwert
16.10.2022 07:30 - 07:45;3240,000;0,00;1739,880;Ersatzwert
16.10.2022 07:45 - 08:00;3684,000;0,00;1978,308;Ersatzwert
16.10.2022 08:00 - 08:15;3509,000;0,00;1884,333;Ersatzwert
16.10.2022 08:15 - 08:30;3489,000;0,00;1873,593;Ersatzwert
16.10.2022 08:30 - 08:45;3578,000;0,00;1921,386;Ersatzwert
16.10.2022 08:45 - 09:00;3521,000;0,00;1890,777;Ersatzwert
16.10.2022 09:00 - 09:15;3437,000;0,00;1845,669;Ersatzwert
16.10.2022 09:15 - 09:30;3420,000;0,00;1836,540;Ersatzwert
16.10.2022 09:30 - 09:45;3237,000;0,00;1738,269;Ersatzwert
16.10.2022 09:45 - 10:00;3402,000;0,00;1826,874;Ersatzwert
16.10.2022 10:00 - 10:15;3404,000;0,00;1827,948;Ersatzwert
16.10.2022 10:15 - 10:30;3339,000;0,00;1793,043;Ersatzwert
16.10.2022 10:30 - 10:45;3308,000;0,00;1776,396;Ersatzwert
16.10.2022 10:45 - 11:00;3559,000;0,00;1911,183;Ersatzwert
16.10.2022 11:00 - 11:15;3686,000;0,00;1979,382;Ersatzwert
16.10.2022 11:15 - 11:30;3487,000;0,00;1872,519;Ersatzwert
16.10.2022 11:30 - 11:45;3426,000;0,00;1839,762;Ersatzwert
16.10.2022 11:45 - 12:00;3372,000;0,00;1810,764;Ersatzwert
16.10.2022 12:00 - 12:15;3250,000;0,00;1745,250;Ersatzwert
16.10.2022 12:15 - 12:30;3254,000;0,00;1747,398;Ersatzwert
16.10.2022 12:30 - 12:45;3285,000;0,00;1764,045;Ersatzwert
16.10.2022 12:45 - 13:00;3314,000;0,00;1779,618;Ersatzwert
16.10.2022 13:00 - 13:15;3266,000;0,00;1753,842;Ersatzwert
16.10.2022 13:15 - 13:30;3023,000;0,00;1623,351;Ersatzwert
16.10.2022 13:30 - 13:45;3105,000;0,00;1667,385;Ersatzwert
16.10.2022 13:45 - 14:00;2844,000;0,00;1527,228;Ersatzwert
16.10.2022 14:00 - 14:15;2992,000;0,00;1606,704;Ersatzwert
16.10.2022 14:15 - 14:30;3068,000;0,00;1647,516;Ersatzwert
16.10.2022 14:30 - 14:45;3029,000;0,00;1626,573;Ersatzwert
16.10.2022 14:45 - 15:00;2876,000;0,00;1544,412;Ersatzwert
16.10.2022 15:00 - 15:15;2765,000;0,00;1484,805;Ersatzwert
16.10.2022 15:15 - 15:30;3036,000;0,00;1630,332;Ersatzwert
16.10.2022 15:30 - 15:45;3030,000;0,00;1627,110;Ersatzwert
16.10.2022 15:45 - 16:00;3094,000;0,00;1661,478;Ersatzwert
16.10.2022 16:00 - 16:15;3214,000;0,00;1725,918;Ersatzwert
16.10.2022 16:15 - 16:30;3332,000;0,00;1789,284;Ersatzwert
16.10.2022 16:30 - 16:45;3433,000;0,00;1843,521;Ersatzwert
16.10.2022 16:45 - 17:00;3309,000;0,00;1776,933;Ersatzwert
16.10.2022 17:00 - 17:15;3297,000;0,00;1770,489;Ersatzwert
16.10.2022 17:15 - 17:30;3259,000;0,00;1750,083;Ersatzwert
16.10.2022 17:30 - 17:45;3189,000;0,00;1712,493;Ersatzwert
16.10.2022 17:45 - 18:00;3098,000;0,00;1663,626;Ersatzwert
16.10.2022 18:00 - 18:15;3426,000;0,00;1839,762;Ersatzwert
16.10.2022 18:15 - 18:30;3415,000;0,00;1833,855;Ersatzwert
16.10.2022 18:30 - 18:45;3267,000;0,00;1754,379;Ersatzwert
16.10.2022 18:45 - 19:00;3186,000;0,00;1710,882;Ersatzwert
16.10.2022 19:00 - 19:15;3287,000;0,00;1765,119;Ersatzwert
16.10.2022 19:15 - 19:30;3113,000;0,00;1671,681;Ersatzwert
16.10.2022 19:30 - 19:45;3033,000;0,00;1628,721;Ersatzwert
16.10.2022 19:45 - 20:00;2850,000;0,00;1530,450;Ersatzwert
16.10.2022 20:00 - 20:15;3247,000;0,00;1743,639;Ersatzwert
16.10.2022 20:15 - 20:30;3326,000;0,00;1786,062;Ersatzwert
16.10.2022 20:30 - 20:45;3327,000;0,00;1786,599;Ersatzwert
16.10.2022 20:45 - 21:00;3312,000;0,00;1778,544;Ersatzwert
16.10.2022 21:00 - 21:15;3553,000;0,00;1907,961;Ersatzwert
16.10.2022 21:15 - 21:30;3564,000;0,00;1913,868;Ersatzwert
16.10.2022 21:30 - 21:45;3478,000;0,00;1867,686;Ersatzwert
16.10.2022 21:45 - 22:00;3469,000;0,00;1862,853;Ersatzwert
16.10.2022 22:00 - 22:15;3599,000;0,00;1932,663;Ersatzwert
16.10.2022 22:15 - 22:30;3712,000;0,00;1993,344;Ersatzwert
16.10.2022 22:30 - 22:45;3609,000;0,00;1938,033;Ersatzwert
16.10.2022 22:45 - 23:00;3076,000;0,00;1651,812;Ersatzwert
16.10.2022 23:00 - 23:15;2950,000;0,00;1584,150;Ersatzwert
16.10.2022 23:15 - 23:30;3084,000;0,00;1656,108;Ersatzwert
16.10.2022 23:30 - 23:45;3259,000;0,00;1750,083;Ersatzwert
16.10.2022 23:45 - 00:00;3221,000;0,00;1729,677;Ersatzwert
17.10.2022 00:00 - 00:15;3566,000;0,00;1914,942;Ersatzwert
17.10.2022 00:15 - 00:30;3359,000;0,00;1803,783;Ersatzwert
17.10.2022 00:30 - 00:45;3293,000;0,00;1768,341;Ersatzwert
17.10.2022 00:45 - 01:00;3113,000;0,00;1671,681;Ersatzwert
17.10.2022 01:00 - 01:15;3264,000;0,00;1752,768;Ersatzwert
17.10.2022 01:15 - 01:30;3268,000;0,00;1754,916;Ersatzwert
17.10.2022 01:30 - 01:45;3163,000;0,00;1698,531;Ersatzwert
17.10.2022 01:45 - 02:00;3344,000;0,00;1795,728;Ersatzwert
17.10.2022 02:00 - 02:15;3600,000;0,00;1933,200;Ersatzwert
17.10.2022 02:15 - 02:30;3729,000;0,00;2002,473;Ersatzwert
17.10.2022 02:30 - 02:45;3683,000;0,00;1977,771;Ersatzwert
17.10.2022 02:45 - 03:00;3564,000;0,00;1913,868;Ersatzwert
17.10.2022 03:00 - 03:15;3701,000;0,00;1987,437;Ersatzwert
17.10.2022 03:15 - 03:30;3524,000;0,00;1892,388;Ersatzwert
17.10.2022 03:30 - 03:45;3351,000;0,00;1799,487;Ersatzwert
17.10.2022 03:45 - 04:00;3425,000;0,00;1839,225;Ersatzwert
17.10.2022 04:00 - 04:15;3386,000;0,00;1818,282;Ersatzwert
17.10.2022 04:15 - 04:30;3601,000;0,00;1933,737;Ersatzwert
17.10.2022 04:30 - 04:45;3652,000;0,00;1961,124;Ersatzwert
17.10.2022 04:45 - 05:00;3617,000;0,00;1942,329;Ersatzwert
17.10.2022 05:00 - 05:15;3578,000;0,00;1921,386;Ersatzwert
17.10.2022 05:15 - 05:30;3709,000;0,00;1991,733;Ersatzwert
17.10.2022 05:30 - 05:45;3765,000;0,00;2021,805;Ersatzwert
17.10.2022 05:45 - 06:00;3741,000;0,00;2008,917;Ersatzwert
17.10.2022 06:00 - 06:15;3791,000;0,00;2035,767;Ersatzwert
17.10.2022 06:15 - 06:30;3481,000;0,00;1869,297;Ersatzwert
17.10.2022 06:30 - 06:45;3424,000;0,00;1838,688;Ersatzwert
17.10.2022 06:45 - 07:00;3200,000;0,00;1718,400;Ersatzwert
17.10.2022 07:00 - 07:15;3551,000;0,00;1906,887;Ersatzwert
17.10.2022 07:15 - 07:30;3767,000;0,00;2022,879;Ersatzwert
17.10.2022 07:30 - 07:45;3752,000;0,00;2014,824;Ersatzwert
17.10.2022 07:45 - 08:00;3771,000;0,00;2025,027;Ersatzwert
17.10.2022 08:00 - 08:15;3903,000;0,00;2095,911;Ersatzwert
17.10.2022 08:15 - 08:30;3733,000;0,00;2004,621;Ersatzwert
17.10.2022 08:30 - 08:45;3673,000;0,00;1972,401;Ersatzwert
17.10.2022 08:45 - 09:00;3823,000;0,00;2052,951;Ersatzwert
17.10.2022 09:00 - 09:15;3712,000;0,00;1993,344;Ersatzwert
17.10.2022 09:15 - 09:30;3791,000;0,00;2035,767;Ersatzwert
17.10.2022 09:30 - 09:45;3892,000;0,00;2090,004;Ersatzwert
17.10.2022 09:45 - 10:00;3801,000;0,00;2041,137;Ersatzwert
17.10.2022 10:00 - 10:15;3918,000;0,00;2103,966;Ersatzwert
17.10.2022 10:15 - 10:30;3897,000;0,00;2092,689;Ersatzwert
17.10.2022 10:30 - 10:45;4025,000;0,00;2161,425;Ersatzwert
17.10.2022 10:45 - 11:00;4055,000;0,00;2177,535;Ersatzwert
17.10.2022 11:00 - 11:15;3884,000;0,00;2085,708;Ersatzwert
17.10.2022 11:15 - 11:30;3735,000;0,00;2005,695;Ersatzwert
17.10.2022 11:30 - 11:45;3467,000;0,00;1861,779;Ersatzwert
17.10.2022 11:45 - 12:00;3497,000;0,00;1877,889;Ersatzwert
17.10.2022 12:00 - 12:15;3607,000;0,00;1936,959;Ersatzwert
17.10.2022 12:15 - 12:30;3614,000;0,00;1940,718;Ersatzwert
17.10.2022 12:30 - 12:45;3458,000;0,00;1856,946;Ersatzwert
17.10.2022 12:45 - 13:00;3565,000;0,00;1914,405;Ersatzwert
17.10.2022 13:00 - 13:15;3628,000;0,00;1948,236;Ersatzwert
17.10.2022 13:15 - 13:30;3516,000;0,00;1888,092;Ersatzwert
17.10.2022 13:30 - 13:45;3650,000;0,00;1960,050;Ersatzwert
17.10.2022 13:45 - 14:00;3634,000;0,00;1951,458;Ersatzwert
17.10.2022 14:00 - 14:15;3698,000;0,00;1985,826;Ersatzwert
17.10.2022 14:15 - 14:30;3801,000;0,00;2041,137;Ersatzwert
17.10.2022 14:30 - 14:45;3827,000;0,00;2055,099;Ersatzwert
17.10.2022 14:45 - 15:00;3727,000;0,00;2001,399;Ersatzwert
17.10.2022 15:00 - 15:15;3521,000;0,00;1890,777;Ersatzwert
17.10.2022 15:15 - 15:30;3342,000;0,00;1794,654;Ersatzwert
17.10.2022 15:30 - 15:45;3513,000;0,00;1886,481;Ersatzwert
17.10.2022 15:45 - 16:00;3828,000;0,00;2055,636;Ersatzwert
17.10.2022 16:00 - 16:15;3788,000;0,00;2034,156;Ersatzwert
17.10.2022 16:15 - 16:30;3988,000;0,00;2141,556;Ersatzwert
17.10.2022 16:30 - 16:45;3932,000;0,00;2111,484;Ersatzwert
17.10.2022 16:45 - 17:00;3898,000;0,00;2093,226;Ersatzwert
17.10.2022 17:00 - 17:15;3778,000;0,00;2028,786;Ersatzwert
17.10.2022 17:15 - 17:30;3654,000;0,00;1962,198;Ersatzwert
17.10.2022 17:30 - 17:45;3370,000;0,00;1809,690;Ersatzwert
17.10.2022 17:45 - 18:00;3553,000;0,00;1907,961;Ersatzwert
17.10.2022 18:00 - 18:15;3691,000;0,00;1982,067;Ersatzwert
17.10.2022 18:15 - 18:30;3736,000;0,00;2006,232;Ersatzwert
17.10.2022 18:30 - 18:45;3626,000;0,00;1947,162;Ersatzwert
17.10.2022 18:45 - 19:00;3703,000;0,00;1988,511;Ersatzwert
17.10.2022 19:00 - 19:15;3798,000;0,00;2039,526;Ersatzwert
17.10.2022 19:15 - 19:30;3946,000;0,00;2119,002;Ersatzwert
17.10.2022 19:30 - 19:45;3738,000;0,00;2007,306;Ersatzwert
17.10.2022 19:45 - 20:00;3122,000;0,00;1676,514;Ersatzwert
17.10.2022 20:00 - 20:15;3073,000;0,00;1650,201;Ersatzwert
17.10.2022 20:15 - 20:30;3454,000;0,00;1854,798;Ersatzwert
17.10.2022 20:30 - 20:45;3582,000;0,00;1923,534;Ersatzwert
17.10.2022 20:45 - 21:00;3606,000;0,00;1936,422;Ersatzwert
17.10.2022 21:00 - 21:15;3577,000;0,00;1920,849;Ersatzwert
17.10.2022 21:15 - 21:30;3361,000;0,00;1804,857;Ersatzwert
17.10.2022 21:30 - 21:45;3307,000;0,00;1775,859;Ersatzwert
17.10.2022 21:45 - 22:00;3330,000;0,00;1788,210;Ersatzwert
17.10.2022 22:00 - 22:15;3512,000;0,00;1885,944;Ersatzwert
17.10.2022 22:15 - 22:30;3756,000;0,00;2016,972;Ersatzwert
17.10.2022 22:30 - 22:45;3620,000;0,00;1943,940;Ersatzwert
17.10.2022 22:45 - 23:00;3577,000;0,00;1920,849;Ersatzwert
17.10.2022 23:00 - 23:15;3554,000;0,00;1908,498;Ersatzwert
17.10.2022 23:15 - 23:30;3575,000;0,00;1919,775;Ersatzwert
17.10.2022 23:30 - 23:45;3541,000;0,00;1901,517;Ersatzwert
17.10.2022 23:45 - 00:00;3544,000;0,00;1903,128;Ersatzwert
18.10.2022 00:00 - 00:15;3814,000;0,00;2048,118;Ersatzwert
18.10.2022 00:15 - 00:30;4087,000;0,00;2194,719;Ersatzwert
18.10.2022 00:30 - 00:45;4085,000;0,00;2193,645;Ersatzwert
18.10.2022 00:45 - 01:00;3835,000;0,00;2059,395;Ersatzwert
18.10.2022 01:00 - 01:15;3938,000;0,00;2114,706;Ersatzwert
18.10.2022 01:15 - 01:30;3728,000;0,00;2001,936;Ersatzwert
18.10.2022 01:30 - 01:45;3471,000;0,00;1863,927;Ersatzwert
18.10.2022 01:45 - 02:00;3696,000;0,00;1984,752;Ersatzwert
18.10.2022 02:00 - 02:15;3732,000;0,00;2004,084;Ersatzwert
18.10.2022 02:15 - 02:30;3880,000;0,00;2083,560;Ersatzwert
18.10.2022 02:30 - 02:45;3720,000;0,00;1997,640;Ersatzwert
18.10.2022 02:45 - 03:00;3753,000;0,00;2015,361;Ersatzwert
18.10.2022 03:00 - 03:15;4079,000;0,00;2190,423;Ersatzwert
18.10.2022 03:15 - 03:30;4039,000;0,00;2168,943;Ersatzwert
18.10.2022 03:30 - 03:45;3490,000;0,00;1874,130;Ersatzwert
18.10.2022 03:45 - 04:00;3347,000;0,00;1797,339;Ersatzwert
18.10.2022 04:00 - 04:15;3448,000;0,00;1851,576;Ersatzwert
18.10.2022 04:15 - 04:30;3471,000;0,00;1863,927;Ersatzwert
18.10.2022 04:30 - 04:45;4124,000;0,00;2214,588;Ersatzwert
18.10.2022 04:45 - 05:00;4000,000;0,00;2148,000;Ersatzwert
18.10.2022 05:00 - 05:15;4251,000;0,00;2282,787;Ersatzwert
18.10.2022 05:15 - 05:30;4105,000;0,00;2204,385;Ersatzwert
18.10.2022 05:30 - 05:45;3885,000;0,00;2086,245;Ersatzwert
18.10.2022 05:45 - 06:00;3830,000;0,00;2056,710;Ersatzwert
18.10.2022 06:00 - 06:15;3732,000;0,00;2004,084;Ersatzwert
18.10.2022 06:15 - 06:30;3779,000;0,00;2029,323;Ersatzwert
18.10.2022 06:30 - 06:45;3737,000;0,00;2006,769;Ersatzwert
18.10.2022 06:45 - 07:00;3400,000;0,00;1825,800;Ersatzwert
18.10.2022 07:00 - 07:15;3457,000;0,00;1856,409;Ersatzwert
18.10.2022 07:15 - 07:30;3495,000;0,00;1876,815;Ersatzwert
18.10.2022 07:30 - 07:45;3885,000;0,00;2086,245;Ersatzwert
18.10.2022 07:45 - 08:00;3824,000;0,00;2053,488;Ersatzwert
18.10.2022 08:00 - 08:15;4209,000;0,00;2260,233;Ersatzwert
18.10.2022 08:15 - 08:30;3984,000;0,00;2139,408;Ersatzwert
18.10.2022 08:30 - 08:45;3703,000;0,00;1988,511;Ersatzwert
18.10.2022 08:45 - 09:00;3690,000;0,00;1981,530;Ersatzwert
18.10.2022 09:00 - 09:15;4030,000;0,00;2164,110;Ersatzwert
18.10.2022 09:15 - 09:30;4101,000;0,00;2202,237;Ersatzwert
18.10.2022 09:30 - 09:45;4315,000;0,00;2317,155;Ersatzwert
18.10.2022 09:45 - 10:00;4161,000;0,00;2234,457;Ersatzwert
18.10.2022 10:00 - 10:15;4243,000;0,00;2278,491;Ersatzwert
18.10.2022 10:15 - 10:30;4026,000;0,00;2161,962;Ersatzwert
18.10.2022 10:30 - 10:45;3802,000;0,00;2041,674;Ersatzwert
18.10.2022 10:45 - 11:00;3878,000;0,00;2082,486;Ersatzwert
18.10.2022 11:00 - 11:15;3880,000;0,00;2083,560;Ersatzwert
18.10.2022 11:15 - 11:30;3873,000;0,00;2079,801;Ersatzwert
18.10.2022 11:30 - 11:45;3621,000;0,00;1944,477;Ersatzwert
18.10.2022 11:45 - 12:00;3833,000;0,00;2058,321;Ersatzwert
18.10.2022 12:00 - 12:15;3714,000;0,00;1994,418;Ersatzwert
18.10.2022 12:15 - 12:30;3675,000;0,00;1973,475;Ersatzwert
18.10.2022 12:30 - 12:45;4015,000;0,00;2156,055;Ersatzwert
18.10.2022 12:45 - 13:00;3840,000;0,00;2062,080;Ersatzwert
18.10.2022 13:00 - 13:15;3786,000;0,00;2033,082;Ersatzwert
18.10.2022 13:15 - 13:30;3842,000;0,00;2063,154;Ersatzwert
18.10.2022 13:30 - 13:45;3682,000;0,00;1977,234;Ersatzwert
18.10.2022 13:45 - 14:00;3772,000;0,00;2025,564;Ersatzwert
18.10.2022 14:00 - 14:15;3773,000;0,00;2026,101;Ersatzwert
18.10.2022 14:15 - 14:30;3717,000;0,00;1996,029;Ersatzwert
18.10.2022 14:30 - 14:45;3763,000;0,00;2020,731;Ersatzwert
18.10.2022 14:45 - 15:00;3457,000;0,00;1856,409;Ersatzwert
18.10.2022 15:00 - 15:15;3254,000;0,00;1747,398;Ersatzwert
18.10.2022 15:15 - 15:30;3529,000;0,00;1895,073;Ersatzwert
18.10.2022 15:30 - 15:45;3468,000;0,00;1862,316;Ersatzwert
18.10.2022 15:45 - 16:00;3501,000;0,00;1880,037;Ersatzwert
18.10.2022 16:00 - 16:15;3470,000;0,00;1863,390;Ersatzwert
18.10.2022 16:15 - 16:30;3768,000;0,00;2023,416;Ersatzwert
18.10.2022 16:30 - 16:45;3725,000;0,00;2000,325;Ersatzwert
18.10.2022 16:45 - 17:00;3701,000;0,00;1987,437;Ersatzwert
18.10.2022 17:00 - 17:15;3704,000;0,00;1989,048;Ersatzwert
18.10.2022 17:15 - 17:30;3660,000;0,00;1965,420;Ersatzwert
18.10.2022 17:30 - 17:45;3520,000;0,00;1890,240;Ersatzwert
18.10.2022 17:45 - 18:00;3613,000;0,00;1940,181;Ersatzwert
18.10.2022 18:00 - 18:15;3667,000;0,00;1969,179;Ersatzwert
18.10.2022 18:15 - 18:30;3753,000;0,00;2015,361;Ersatzwert
18.10.2022 18:30 - 18:45;3792,000;0,00;2036,304;Ersatzwert
18.10.2022 18:45 - 19:00;3790,000;0,00;2035,230;Ersatzwert
18.10.2022 19:00 - 19:15;3782,000;0,00;2030,934;Ersatzwert
18.10.2022 19:15 - 19:30;3726,000;0,00;2000,862;Ersatzwert
18.10.2022 19:30 - 19:45;3785,000;0,00;2032,545;Ersatzwert
18.10.2022 19:45 - 20:00;3685,000;0,00;1978,845;Ersatzwert
18.10.2022 20:00 - 20:15;3336,000;0,00;1791,432;Ersatzwert
18.10.2022 20:15 - 20:30;3636,000;0,00;1952,532;Ersatzwert
18.10.2022 20:30 - 20:45;3577,000;0,00;1920,849;Ersatzwert
18.10.2022 20:45 - 21:00;3645,000;0,00;1957,365;Ersatzwert
18.10.2022 21:00 - 21:15;3612,000;0,00;1939,644;Ersatzwert
18.10.2022 21:15 - 21:30;3868,000;0,00;2077,116;Ersatzwert
18.10.2022 21:30 - 21:45;3665,000;0,00;1968,105;Ersatzwert
18.10.2022 21:45 - 22:00;3689,000;0,00;1980,993;Ersatzwert
18.10.2022 22:00 - 22:15;3960,000;0,00;2126,520;Ersatzwert
18.10.2022 22:15 - 22:30;3923,000;0,00;2106,651;Ersatzwert
18.10.2022 22:30 - 22:45;3828,000;0,00;2055,636;Ersatzwert
18.10.2022 22:45 - 23:00;3665,000;0,00;1968,105;Ersatzwert
18.10.2022 23:00 - 23:15;3522,000;0,00;1891,314;Ersatzwert
18.10.2022 23:15 - 23:30;3478,000;0,00;1867,686;Ersatzwert
18.10.2022 23:30 - 23:45;3578,000;0,00;1921,386;Ersatzwert
18.10.2022 23:45 - 00:00;3495,000;0,00;1876,815;Ersatzwert
19.10.2022 00:00 - 00:15;3551,000;0,00;1906,887;Ersatzwert
19.10.2022 00:15 - 00:30;3605,000;0,00;1935,885;Ersatzwert
19.10.2022 00:30 - 00:45;3942,000;0,00;2116,854;Ersatzwert
19.10.2022 00:45 - 01:00;4068,000;0,00;2184,516;Ersatzwert
19.10.2022 01:00 - 01:15;3971,000;0,00;2132,427;Ersatzwert
19.10.2022 01:15 - 01:30;3968,000;0,00;2130,816;Ersatzwert
19.10.2022 01:30 - 01:45;3730,000;0,00;2003,010;Ersatzwert
19.10.2022 01:45 - 02:00;3620,000;0,00;1943,940;Ersatzwert
19.10.2022 02:00 - 02:15;3828,000;0,00;2055,636;Ersatzwert
19.10.2022 02:15 - 02:30;3796,000;0,00;2038,452;Ersatzwert
19.10.2022 02:30 - 02:45;3805,000;0,00;2043,285;Ersatzwert
19.10.2022 02:45 - 03:00;3870,000;0,00;2078,190;Ersatzwert
19.10.2022 03:00 - 03:15;4069,000;0,00;2185,053;Ersatzwert
19.10.2022 03:15 - 03:30;3943,000;0,00;2117,391;Ersatzwert
19.10.2022 03:30 - 03:45;3566,000;0,00;1914,942;Ersatzwert
19.10.2022 03:45 - 04:00;3506,000;0,00;1882,722;Ersatzwert
19.10.2022 04:00 - 04:15;3637,000;0,00;1953,069;Ersatzwert
19.10.2022 04:15 - 04:30;3662,000;0,00;1966,494;Ersatzwert
19.10.2022 04:30 - 04:45;3885,000;0,00;2086,245;Ersatzwert
19.10.2022 04:45 - 05:00;3929,000;0,00;2109,873;Ersatzwert
19.10.2022 05:00 - 05:15;3938,000;0,00;2114,706;Ersatzwert
19.10.2022 05:15 - 05:30;3877,000;0,00;2081,949;Ersatzwert
19.10.2022 05:30 - 05:45;3790,000;0,00;2035,230;Ersatzwert
19.10.2022 05:45 - 06:00;3551,000;0,00;1906,887;Ersatzwert
19.10.2022 06:00 - 06:15;3973,000;0,00;2133,501;Ersatzwert
19.10.2022 06:15 - 06:30;3978,000;0,00;2136,186;Ersatzwert
19.10.2022 06:30 - 06:45;3849,000;0,00;2066,913;Ersatzwert
19.10.2022 06:45 - 07:00;3730,000;0,00;2003,010;Ersatzwert
19.10.2022 07:00 - 07:15;3639,000;0,00;1954,143;Ersatzwert
19.10.2022 07:15 - 07:30;3785,000;0,00;2032,545;Ersatzwert
19.10.2022 07:30 - 07:45;3825,000;0,00;2054,025;Ersatzwert
19.10.2022 07:45 - 08:00;3949,000;0,00;2120,613;Ersatzwert
19.10.2022 08:00 - 08:15;3977,000;0,00;2135,649;Ersatzwert
19.10.2022 08:15 - 08:30;3803,000;0,00;2042,211;Ersatzwert
19.10.2022 08:30 - 08:45;3685,000;0,00;1978,845;Ersatzwert
19.10.2022 08:45 - 09:00;3648,000;0,00;1958,976;Ersatzwert
19.10.2022 09:00 - 09:15;3667,000;0,00;1969,179;Ersatzwert
19.10.2022 09:15 - 09:30;3622,000;0,00;1945,014;Ersatzwert
19.10.2022 09:30 - 09:45;3859,000;0,00;2072,283;Ersatzwert
19.10.2022 09:45 - 10:00;3902,000;0,00;2095,374;Ersatzwert
19.10.2022 10:00 - 10:15;4088,000;0,00;2195,256;Ersatzwert
19.10.2022 10:15 - 10:30;3967,000;0,00;2130,279;Ersatzwert
19.10.2022 10:30 - 10:45;3819,000;0,00;2050,803;Ersatzwert
19.10.2022 10:45 - 11:00;3652,000;0,00;1961,124;Ersatzwert
19.10.2022 11:00 - 11:15;3476,000;0,00;1866,612;Ersatzwert
19.10.2022 11:15 - 11:30;3721,000;0,00;1998,177;Ersatzwert
19.10.2022 11:30 - 11:45;3240,000;0,00;1739,880;Ersatzwert
19.10.2022 11:45 - 12:00;3385,000;0,00;1817,745;Ersatzwert
19.10.2022 12:00 - 12:15;3287,000;0,00;1765,119;Ersatzwert
19.10.2022 12:15 - 12:30;3377,000;0,00;1813,449;Ersatzwert
19.10.2022 12:30 - 12:45;3509,000;0,00;1884,333;Ersatzwert
19.10.2022 12:45 - 13:00;3497,000;0,00;1877,889;Ersatzwert
19.10.2022 13:00 - 13:15;3226,000;0,00;1732,362;Ersatzwert
19.10.2022 13:15 - 13:30;3265,000;0,00;1753,305;Ersatzwert
19.10.2022 13:30 - 13:45;3280,000;0,00;1761,360;Ersatzwert
19.10.2022 13:45 - 14:00;3557,000;0,00;1910,109;Ersatzwert
19.10.2022 14:00 - 14:15;3521,000;0,00;1890,777;Ersatzwert
19.10.2022 14:15 - 14:30;3570,000;0,00;1917,090;Ersatzwert
19.10.2022 14:30 - 14:45;3719,000;0,00;1997,103;Ersatzwert
19.10.2022 14:45 - 15:00;3584,000;0,00;1924,608;Ersatzwert
19.10.2022 15:00 - 15:15;3483,000;0,00;1870,371;Ersatzwert
19.10.2022 15:15 - 15:30;3468,000;0,00;1862,316;Ersatzwert
19.10.2022 15:30 - 15:45;3509,000;0,00;1884,333;Ersatzwert
19.10.2022 15:45 - 16:00;3457,000;0,00;1856,409;Ersatzwert
19.10.2022 16:00 - 16:15;3469,000;0,00;1862,853;Ersatzwert
19.10.2022 16:15 - 16:30;3471,000;0,00;1863,927;Ersatzwert
19.10.2022 16:30 - 16:45;3687,000;0,00;1979,919;Ersatzwert
19.10.2022 16:45 - 17:00;3556,000;0,00;1909,572;Ersatzwert
19.10.2022 17:00 - 17:15;3596,000;0,00;1931,052;Ersatzwert
19.10.2022 17:15 - 17:30;3532,000;0,00;1896,684;Ersatzwert
19.10.2022 17:30 - 17:45;3326,000;0,00;1786,062;Ersatzwert
19.10.2022 17:45 - 18:00;3530,000;0,00;1895,610;Ersatzwert
19.10.2022 18:00 - 18:15;3588,000;0,00;1926,756;Ersatzwert
19.10.2022 18:15 - 18:30;3415,000;0,00;1833,855;Ersatzwert
19.10.2022 18:30 - 18:45;3477,000;0,00;1867,149;Ersatzwert
19.10.2022 18:45 - 19:00;3521,000;0,00;1890,777;Ersatzwert
19.10.2022 19:00 - 19:15;3858,000;0,00;2071,746;Ersatzwert
19.10.2022 19:15 - 19:30;3727,000;0,00;2001,399;Ersatzwert
19.10.2022 19:30 - 19:45;3679,000;0,00;1975,623;Ersatzwert
19.10.2022 19:45 - 20:00;3523,000;0,00;1891,851;Ersatzwert
19.10.2022 20:00 - 20:15;3409,000;0,00;1830,633;Ersatzwert
19.10.2022 20:15 - 20:30;3501,000;0,00;1880,037;Ersatzwert
19.10.2022 20:30 - 20:45;3681,000;0,00;1976,697;Ersatzwert
19.10.2022 20:45 - 21:00;3695,000;0,00;1984,215;Ersatzwert
19.10.2022 21:00 - 21:15;3557,000;0,00;1910,109;Ersatzwert
19.10.2022 21:15 - 21:30;3526,000;0,00;1893,462;Ersatzwert
19.10.2022 21:30 - 21:45;3487,000;0,00;1872,519;Ersatzwert
19.10.2022 21:45 - 22:00;3571,000;0,00;1917,627;Ersatzwert
19.10.2022 22:00 - 22:15;3547,000;0,00;1904,739;Ersatzwert
19.10.2022 22:15 - 22:30;3382,000;0,00;1816,134;Ersatzwert
19.10.2022 22:30 - 22:45;3432,000;0,00;1842,984;Ersatzwert
19.10.2022 22:45 - 23:00;3506,000;0,00;1882,722;Ersatzwert
19.10.2022 23:00 - 23:15;3410,000;0,00;1831,170;Ersatzwert
19.10.2022 23:15 - 23:30;3507,000;0,00;1883,259;Ersatzwert
19.10.2022 23:30 - 23:45;3576,000;0,00;1920,312;Ersatzwert
19.10.2022 23:45 - 00:00;3731,000;0,00;2003,547;Ersatzwert
20.10.2022 00:00 - 00:15;3715,000;0,00;1994,955;Ersatzwert
20.10.2022 00:15 - 00:30;3373,000;0,00;1811,301;Ersatzwert
20.10.2022 00:30 - 00:45;3505,000;0,00;1882,185;Ersatzwert
20.10.2022 00:45 - 01:00;3581,000;0,00;1922,997;Ersatzwert
20.10.2022 01:00 - 01:15;3491,000;0,00;1874,667;Ersatzwert
20.10.2022 01:15 - 01:30;3477,000;0,00;1867,149;Ersatzwert
20.10.2022 01:30 - 01:45;3481,000;0,00;1869,297;Ersatzwert
20.10.2022 01:45 - 02:00;3348,000;0,00;1797,876;Ersatzwert
20.10.2022 02:00 - 02:15;3301,000;0,00;1772,637;Ersatzwert
20.10.2022 02:15 - 02:30;3290,000;0,00;1766,730;Ersatzwert
20.10.2022 02:30 - 02:45;3315,000;0,00;1780,155;Ersatzwert
20.10.2022 02:45 - 03:00;3593,000;0,00;1929,441;Ersatzwert
20.10.2022 03:00 - 03:15;3473,000;0,00;1865,001;Ersatzwert
20.10.2022 03:15 - 03:30;3323,000;0,00;1784,451;Ersatzwert
20.10.2022 03:30 - 03:45;3166,000;0,00;1700,142;Ersatzwert
20.10.2022 03:45 - 04:00;3099,000;0,00;1664,163;Ersatzwert
20.10.2022 04:00 - 04:15;3111,000;0,00;1670,607;Ersatzwert
20.10.2022 04:15 - 04:30;3108,000;0,00;1668,996;Ersatzwert
20.10.2022 04:30 - 04:45;3721,000;0,00;1998,177;Ersatzwert
20.10.2022 04:45 - 05:00;3689,000;0,00;1980,993;Ersatzwert
20.10.2022 05:00 - 05:15;3475,000;0,00;1866,075;Ersatzwert
20.10.2022 05:15 - 05:30;3316,000;0,00;1780,692;Ersatzwert
20.10.2022 05:30 - 05:45;3897,000;0,00;2092,689;Ersatzwert
20.10.2022 05:45 - 06:00;3800,000;0,00;2040,600;Ersatzwert
20.10.2022 06:00 - 06:15;3424,000;0,00;1838,688;Ersatzwert
20.10.2022 06:15 - 06:30;3516,000;0,00;1888,092;Ersatzwert
20.10.2022 06:30 - 06:45;3428,000;0,00;1840,836;Ersatzwert
20.10.2022 06:45 - 07:00;3111,000;0,00;1670,607;Ersatzwert
20.10.2022 07:00 - 07:15;2672,000;0,00;1434,864;Ersatzwert
20.10.2022 07:15 - 07:30;2463,000;0,00;1322,631;Ersatzwert
20.10.2022 07:30 - 07:45;2492,000;0,00;1338,204;Ersatzwert
20.10.2022 07:45 - 08:00;2536,000;0,00;1361,832;Ersatzwert
20.10.2022 08:00 - 08:15;2352,000;0,00;1263,024;Ersatzwert
20.10.2022 08:15 - 08:30;2053,000;0,00;1102,461;Ersatzwert
20.10.2022 08:30 - 08:45;2405,000;0,00;1291,485;Ersatzwert
20.10.2022 08:45 - 09:00;2153,000;0,00;1156,161;Ersatzwert
20.10.2022 09:00 - 09:15;2305,000;0,00;1237,785;Ersatzwert
20.10.2022 09:15 - 09:30;2374,000;0,00;1274,838;Ersatzwert
20.10.2022 09:30 - 09:45;2434,000;0,00;1307,058;Ersatzwert
20.10.2022 09:45 - 10:00;2106,000;0,00;1130,922;Ersatzwert
20.10.2022 10:00 - 10:15;2002,000;0,00;1075,074;Ersatzwert
20.10.2022 10:15 - 10:30;2093,000;0,00;1123,941;Ersatzwert
20.10.2022 10:30 - 10:45;2015,000;0,00;1082,055;Ersatzwert
20.10.2022 10:45 - 11:00;2184,000;0,00;1172,808;Ersatzwert
20.10.2022 11:00 - 11:15;1846,000;0,00;991,302;Ersatzwert
20.10.2022 11:15 - 11:30;1699,000;0,00;912,363;Ersatzwert
20.10.2022 11:30 - 11:45;1763,000;0,00;946,731;Ersatzwert
20.10.2022 11:45 - 12:00;1715,000;0,00;920,955;Ersatzwert
20.10.2022 12:00 - 12:15;1705,000;0,00;915,585;Ersatzwert
20.10.2022 12:15 - 12:30;1775,000;0,00;953,175;Ersatzwert
20.10.2022 12:30 - 12:45;1754,000;0,00;941,898;Ersatzwert
20.10.2022 12:45 - 13:00;1927,000;0,00;1034,799;Ersatzwert
20.10.2022 13:00 - 13:15;1753,000;0,00;941,361;Ersatzwert
20.10.2022 13:15 - 13:30;1861,000;0,00;999,357;Ersatzwert
20.10.2022 13:30 - 13:45;1775,000;0,00;953,175;Ersatzwert
20.10.2022 13:45 - 14:00;1866,000;0,00;1002,042;Ersatzwert
20.10.2022 14:00 - 14:15;1859,000;0,00;998,283;Ersatzwert
20.10.2022 14:15 - 14:30;1662,000;0,00;892,494;Ersatzwert
20.10.2022 14:30 - 14:45;1595,000;0,00;856,515;Ersatzwert
20.10.2022 14:45 - 15:00;1679,000;0,00;901,623;Ersatzwert
20.10.2022 15:00 - 15:15;1762,000;0,00;946,194;Ersatzwert
20.10.2022 15:15 - 15:30;1850,000;0,00;993,450;Ersatzwert
20.10.2022 15:30 - 15:45;1952,000;0,00;1048,224;Ersatzwert
20.10.2022 15:45 - 16:00;1912,000;0,00;1026,744;Ersatzwert
20.10.2022 16:00 - 16:15;1840,000;0,00;988,080;Ersatzwert
20.10.2022 16:15 - 16:30;1919,000;0,00;1030,503;Ersatzwert
20.10.2022 16:30 - 16:45;1877,000;0,00;1007,949;Ersatzwert
20.10.2022 16:45 - 17:00;1675,000;0,00;899,475;Ersatzwert
20.10.2022 17:00 - 17:15;1814,000;0,00;974,118;Ersatzwert
20.10.2022 17:15 - 17:30;1784,000;0,00;958,008;Ersatzwert
20.10.2022 17:30 - 17:45;1865,000;0,00;1001,505;Ersatzwert
20.10.2022 17:45 - 18:00;1785,000;0,00;958,545;Ersatzwert
20.10.2022 18:00 - 18:15;1876,000;0,00;1007,412;Ersatzwert
20.10.2022 18:15 - 18:30;1871,000;0,00;1004,727;Ersatzwert
20.10.2022 18:30 - 18:45;1860,000;0,00;998,820;Ersatzwert
20.10.2022 18:45 - 19:00;1897,000;0,00;1018,689;Ersatzwert
20.10.2022 19:00 - 19:15;1865,000;0,00;1001,505;Ersatzwert
20.10.2022 19:15 - 19:30;1793,000;0,00;962,841;Ersatzwert
20.10.2022 19:30 - 19:45;1831,000;0,00;983,247;Ersatzwert
20.10.2022 19:45 - 20:00;1889,000;0,00;1014,393;Ersatzwert
20.10.2022 20:00 - 20:15;1869,000;0,00;1003,653;Ersatzwert
20.10.2022 20:15 - 20:30;1939,000;0,00;1041,243;Ersatzwert
20.10.2022 20:30 - 20:45;1928,000;0,00;1035,336;Ersatzwert
20.10.2022 20:45 - 21:00;1849,000;0,00;992,913;Ersatzwert
20.10.2022 21:00 - 21:15;1862,000;0,00;999,894;Ersatzwert
20.10.2022 21:15 - 21:30;1871,000;0,00;1004,727;Ersatzwert
20.10.2022 21:30 - 21:45;1901,000;0,00;1020,837;Ersatzwert
20.10.2022 21:45 - 22:00;1892,000;0,00;1016,004;Ersatzwert
20.10.2022 22:00 - 22:15;1855,000;0,00;996,135;Ersatzwert
20.10.2022 22:15 - 22:30;1768,000;0,00;949,416;Ersatzwert
20.10.2022 22:30 - 22:45;1696,000;0,00;910,752;Ersatzwert
20.10.2022 22:45 - 23:00;1763,000;0,00;946,731;Ersatzwert
20.10.2022 23:00 - 23:15;1817,000;0,00;975,729;Ersatzwert
20.10.2022 23:15 - 23:30;1831,000;0,00;983,247;Ersatzwert
20.10.2022 23:30 - 23:45;1951,000;0,00;1047,687;Ersatzwert
20.10.2022 23:45 - 00:00;1883,000;0,00;1011,171;Ersatzwert
21.10.2022 00:00 - 00:15;1609,000;0,00;864,033;Ersatzwert
21.10.2022 00:15 - 00:30;1582,000;0,00;849,534;Ersatzwert
21.10.2022 00:30 - 00:45;1580,000;0,00;848,460;Ersatzwert
21.10.2022 00:45 - 01:00;1736,000;0,00;932,232;Ersatzwert
21.10.2022 01:00 - 01:15;1611,000;0,00;865,107;Ersatzwert
21.10.2022 01:15 - 01:30;1529,000;0,00;821,073;Ersatzwert
21.10.2022 01:30 - 01:45;1572,000;0,00;844,164;Ersatzwert
21.10.2022 01:45 - 02:00;1712,000;0,00;919,344;Ersatzwert
21.10.2022 02:00 - 02:15;1739,000;0,00;933,843;Ersatzwert
21.10.2022 02:15 - 02:30;1632,000;0,00;876,384;Ersatzwert
21.10.2022 02:30 - 02:45;1592,000;0,00;854,904;Ersatzwert
21.10.2022 02:45 - 03:00;1647,000;0,00;884,439;Ersatzwert
21.10.2022 03:00 - 03:15;1499,000;0,00;804,963;Ersatzwert
21.10.2022 03:15 - 03:30;1410,000;0,00;757,170;Ersatzwert
21.10.2022 03:30 - 03:45;1418,000;0,00;761,466;Ersatzwert
21.10.2022 03:45 - 04:00;1594,000;0,00;855,978;Ersatzwert
21.10.2022 04:00 - 04:15;1676,000;0,00;900,012;Ersatzwert
21.10.2022 04:15 - 04:30;1629,000;0,00;874,773;Ersatzwert
21.10.2022 04:30 - 04:45;1475,000;0,00;792,075;Ersatzwert
21.10.2022 04:45 - 05:00;1471,000;0,00;789,927;Ersatzwert
21.10.2022 05:00 - 05:15;1518,000;0,00;815,166;Ersatzwert
21.10.2022 05:15 - 05:30;2153,000;0,00;1156,161;Ersatzwert
21.10.2022 05:30 - 05:45;2117,000;0,00;1136,829;Ersatzwert
21.10.2022 05:45 - 06:00;1902,000;0,00;1021,374;Ersatzwert
21.10.2022 06:00 - 06:15;1838,000;0,00;987,006;Ersatzwert
21.10.2022 06:15 - 06:30;1730,000;0,00;929,010;Ersatzwert
21.10.2022 06:30 - 06:45;1736,000;0,00;932,232;Ersatzwert
21.10.2022 06:45 - 07:00;1768,000;0,00;949,416;Ersatzwert
21.10.2022 07:00 - 07:15;1788,000;0,00;960,156;Ersatzwert
21.10.2022 07:15 - 07:30;1918,000;0,00;1029,966;Ersatzwert
21.10.2022 07:30 - 07:45;2153,000;0,00;1156,161;Ersatzwert
21.10.2022 07:45 - 08:00;2222,000;0,00;1193,214;Ersatzwert
21.10.2022 08:00 - 08:15;2502,000;0,00;1343,574;Ersatzwert
21.10.2022 08:15 - 08:30;2567,000;0,00;1378,479;Ersatzwert
21.10.2022 08:30 - 08:45;2369,000;0,00;1272,153;Ersatzwert
21.10.2022 08:45 - 09:00;2408,000;0,00;1293,096;Ersatzwert
21.10.2022 09:00 - 09:15;2343,000;0,00;1258,191;Ersatzwert
21.10.2022 09:15 - 09:30;2912,000;0,00;1563,744;Ersatzwert
21.10.2022 09:30 - 09:45;2560,000;0,00;1374,720;Ersatzwert
21.10.2022 09:45 - 10:00;2823,000;0,00;1515,951;Ersatzwert
21.10.2022 10:00 - 10:15;2956,000;0,00;1587,372;Ersatzwert
21.10.2022 10:15 - 10:30;2859,000;0,00;1535,283;Ersatzwert
21.10.2022 10:30 - 10:45;2453,000;0,00;1317,261;Ersatzwert
21.10.2022 10:45 - 11:00;2210,000;0,00;1186,770;Ersatzwert
21.10.2022 11:00 - 11:15;2201,000;0,00;1181,937;Ersatzwert
21.10.2022 11:15 - 11:30;2293,000;0,00;1231,341;Ersatzwert
21.10.2022 11:30 - 11:45;2297,000;0,00;1233,489;Ersatzwert
21.10.2022 11:45 - 12:00;2225,000;0,00;1194,825;Ersatzwert
21.10.2022 12:00 - 12:15;2044,000;0,00;1097,628;Ersatzwert
21.10.2022 12:15 - 12:30;2005,000;0,00;1076,685;Ersatzwert
21.10.2022 12:30 - 12:45;2147,000;0,00;1152,939;Ersatzwert
21.10.2022 12:45 - 13:00;2246,000;0,00;1206,102;Ersatzwert
21.10.2022 13:00 - 13:15;2027,000;0,00;1088,499;Ersatzwert
21.10.2022 13:15 - 13:30;1888,000;0,00;1013,856;Ersatzwert
21.10.2022 13:30 - 13:45;2084,000;0,00;1119,108;Ersatzwert
21.10.2022 13:45 - 14:00;1892,000;0,00;1016,004;Ersatzwert
21.10.2022 14:00 - 14:15;1848,000;0,00;992,376;Ersatzwert
21.10.2022 14:15 - 14:30;2015,000;0,00;1082,055;Ersatzwert
21.10.2022 14:30 - 14:45;1953,000;0,00;1048,761;Ersatzwert
21.10.2022 14:45 - 15:00;1898,000;0,00;1019,226;Ersatzwert
21.10.2022 15:00 - 15:15;1940,000;0,00;1041,780;Ersatzwert
21.10.2022 15:15 - 15:30;2180,000;0,00;1170,660;Ersatzwert
21.10.2022 15:30 - 15:45;1981,000;0,00;1063,797;Ersatzwert
21.10.2022 15:45 - 16:00;1965,000;0,00;1055,205;Ersatzwert
21.10.2022 16:00 - 16:15;1863,000;0,00;1000,431;Ersatzwert
21.10.2022 16:15 - 16:30;2052,000;0,00;1101,924;Ersatzwert
21.10.2022 16:30 - 16:45;2221,000;0,00;1192,677;Ersatzwert
21.10.2022 16:45 - 17:00;2081,000;0,00;1117,497;Ersatzwert
21.10.2022 17:00 - 17:15;2427,000;0,00;1303,299;Ersatzwert
21.10.2022 17:15 - 17:30;2304,000;0,00;1237,248;Ersatzwert
21.10.2022 17:30 - 17:45;2461,000;0,00;1321,557;Ersatzwert
21.10.2022 17:45 - 18:00;2484,000;0,00;1333,908;Ersatzwert
21.10.2022 18:00 - 18:15;2456,000;0,00;1318,872;Ersatzwert
21.10.2022 18:15 - 18:30;2466,000;0,00;1324,242;Ersatzwert
21.10.2022 18:30 - 18:45;2588,000;0,00;1389,756;Ersatzwert
21.10.2022 18:45 - 19:00;2417,000;0,00;1297,929;Ersatzwert
21.10.2022 19:00 - 19:15;2475,000;0,00;1329,075;Ersatzwert
21.10.2022 19:15 - 19:30;2498,000;0,00;1341,426;Ersatzwert
21.10.2022 19:30 - 19:45;2467,000;0,00;1324,779;Ersatzwert
21.10.2022 19:45 - 20:00;2453,000;0,00;1317,261;Ersatzwert
21.10.2022 20:00 - 20:15;2465,000;0,00;1323,705;Ersatzwert
21.10.2022 20:15 - 20:30;2445,000;0,00;1312,965;Ersatzwert
21.10.2022 20:30 - 20:45;2431,000;0,00;1305,447;Ersatzwert
21.10.2022 20:45 - 21:00;2541,000;0,00;1364,517;Ersatzwert
21.10.2022 21:00 - 21:15;2408,000;0,00;1293,096;Ersatzwert
21.10.2022 21:15 - 21:30;2196,000;0,00;1179,252;Ersatzwert
21.10.2022 21:30 - 21:45;2209,000;0,00;1186,233;Ersatzwert
21.10.2022 21:45 - 22:00;2292,000;0,00;1230,804;Ersatzwert
21.10.2022 22:00 - 22:15;2365,000;0,00;1270,005;Ersatzwert
21.10.2022 22:15 - 22:30;2442,000;0,00;1311,354;Ersatzwert
21.10.2022 22:30 - 22:45;2464,000;0,00;1323,168;Ersatzwert
21.10.2022 22:45 - 23:00;2396,000;0,00;1286,652;Ersatzwert
21.10.2022 23:00 - 23:15;2396,000;0,00;1286,652;Ersatzwert
21.10.2022 23:15 - 23:30;2349,000;0,00;1261,413;Ersatzwert
21.10.2022 23:30 - 23:45;2342,000;0,00;1257,654;Ersatzwert
21.10.2022 23:45 - 00:00;2283,000;0,00;1225,971;Ersatzwert
22.10.2022 00:00 - 00:15;2235,000;0,00;1200,195;Ersatzwert
22.10.2022 00:15 - 00:30;2377,000;0,00;1276,449;Ersatzwert
22.10.2022 00:30 - 00:45;2818,000;0,00;1513,266;Ersatzwert
22.10.2022 00:45 - 01:00;2604,000;0,00;1398,348;Ersatzwert
22.10.2022 01:00 - 01:15;2649,000;0,00;1422,513;Ersatzwert
22.10.2022 01:15 - 01:30;2703,000;0,00;1451,511;Ersatzwert
22.10.2022 01:30 - 01:45;2733,000;0,00;1467,621;Ersatzwert
22.10.2022 01:45 - 02:00;2642,000;0,00;1418,754;Ersatzwert
22.10.2022 02:00 - 02:15;2469,000;0,00;1325,853;Ersatzwert
22.10.2022 02:15 - 02:30;2449,000;0,00;1315,113;Ersatzwert
22.10.2022 02:30 - 02:45;2518,000;0,00;1352,166;Ersatzwert
22.10.2022 02:45 - 03:00;2543,000;0,00;1365,591;Ersatzwert
22.10.2022 03:00 - 03:15;2621,000;0,00;1407,477;Ersatzwert
22.10.2022 03:15 - 03:30;2657,000;0,00;1426,809;Ersatzwert
22.10.2022 03:30 - 03:45;2578,000;0,00;1384,386;Ersatzwert
22.10.2022 03:45 - 04:00;2535,000;0,00;1361,295;Ersatzwert
22.10.2022 04:00 - 04:15;2557,000;0,00;1373,109;Ersatzwert
22.10.2022 04:15 - 04:30;2708,000;0,00;1454,196;Ersatzwert
22.10.2022 04:30 - 04:45;2765,000;0,00;1484,805;Ersatzwert
22.10.2022 04:45 - 05:00;2821,000;0,00;1514,877;Ersatzwert
22.10.2022 05:00 - 05:15;2910,000;0,00;1562,670;Ersatzwert
22.10.2022 05:15 - 05:30;3177,000;0,00;1706,049;Ersatzwert
22.10.2022 05:30 - 05:45;2833,000;0,00;1521,321;Ersatzwert
22.10.2022 05:45 - 06:00;2962,000;0,00;1590,594;Ersatzwert
22.10.2022 06:00 - 06:15;3024,000;0,00;1623,888;Ersatzwert
22.10.2022 06:15 - 06:30;2967,000;0,00;1593,279;Ersatzwert
22.10.2022 06:30 - 06:45;2972,000;0,00;1595,964;Ersatzwert
22.10.2022 06:45 - 07:00;2830,000;0,00;1519,710;Ersatzwert
22.10.2022 07:00 - 07:15;2823,000;0,00;1515,951;Ersatzwert
22.10.2022 07:15 - 07:30;2960,000;0,00;1589,520;Ersatzwert
22.10.2022 07:30 - 07:45;3059,000;0,00;1642,683;Ersatzwert
22.10.2022 07:45 - 08:00;3063,000;0,00;1644,831;Ersatzwert
22.10.2022 08:00 - 08:15;3163,000;0,00;1698,531;Ersatzwert
22.10.2022 08:15 - 08:30;3069,000;0,00;1648,053;Ersatzwert
22.10.2022 08:30 - 08:45;3057,000;0,00;1641,609;Ersatzwert
22.10.2022 08:45 - 09:00;2948,000;0,00;1583,076;Ersatzwert
22.10.2022 09:00 - 09:15;3075,000;0,00;1651,275;Ersatzwert
22.10.2022 09:15 - 09:30;2985,000;0,00;1602,945;Ersatzwert
22.10.2022 09:30 - 09:45;3014,000;0,00;1618,518;Ersatzwert
22.10.2022 09:45 - 10:00;2925,000;0,00;1570,725;Ersatzwert
22.10.2022 10:00 - 10:15;2929,000;0,00;1572,873;Ersatzwert
22.10.2022 10:15 - 10:30;2902,000;0,00;1558,374;Ersatzwert
22.10.2022 10:30 - 10:45;2750,000;0,00;1476,750;Ersatzwert
22.10.2022 10:45 - 11:00;2870,000;0,00;1541,190;Ersatzwert
22.10.2022 11:00 - 11:15;2653,000;0,00;1424,661;Ersatzwert
22.10.2022 11:15 - 11:30;2739,000;0,00;1470,843;Ersatzwert
22.10.2022 11:30 - 11:45;2596,000;0,00;1394,052;Ersatzwert
22.10.2022 11:45 - 12:00;2676,000;0,00;1437,012;Ersatzwert
22.10.2022 12:00 - 12:15;2878,000;0,00;1545,486;Ersatzwert
22.10.2022 12:15 - 12:30;2842,000;0,00;1526,154;Ersatzwert
22.10.2022 12:30 - 12:45;2758,000;0,00;1481,046;Ersatzwert
22.10.2022 12:45 - 13:00;2728,000;0,00;1464,936;Ersatzwert
22.10.2022 13:00 - 13:15;2871,000;0,00;1541,727;Ersatzwert
22.10.2022 13:15 - 13:30;3010,000;0,00;1616,370;Ersatzwert
22.10.2022 13:30 - 13:45;3013,000;0,00;1617,981;Ersatzwert
22.10.2022 13:45 - 14:00;2680,000;0,00;1439,160;Ersatzwert
22.10.2022 14:00 - 14:15;2613,000;0,00;1403,181;Ersatzwert
22.10.2022 14:15 - 14:30;2630,000;0,00;1412,310;Ersatzwert
22.10.2022 14:30 - 14:45;2598,000;0,00;1395,126;Ersatzwert
22.10.2022 14:45 - 15:00;2621,000;0,00;1407,477;Ersatzwert
22.10.2022 15:00 - 15:15;2596,000;0,00;1394,052;Ersatzwert
22.10.2022 15:15 - 15:30;2747,000;0,00;1475,139;Ersatzwert
22.10.2022 15:30 - 15:45;2894,000;0,00;1554,078;Ersatzwert
22.10.2022 15:45 - 16:00;2979,000;0,00;1599,723;Ersatzwert
22.10.2022 16:00 - 16:15;3375,000;0,00;1812,375;Ersatzwert
22.10.2022 16:15 - 16:30;3468,000;0,00;1862,316;Ersatzwert
22.10.2022 16:30 - 16:45;3508,000;0,00;1883,796;Ersatzwert
22.10.2022 16:45 - 17:00;3559,000;0,00;1911,183;Ersatzwert
22.10.2022 17:00 - 17:15;3560,000;0,00;1911,720;Ersatzwert
22.10.2022 17:15 - 17:30;2936,000;0,00;1576,632;Ersatzwert
22.10.2022 17:30 - 17:45;3022,000;0,00;1622,814;Ersatzwert
22.10.2022 17:45 - 18:00;2958,000;0,00;1588,446;Ersatzwert
22.10.2022 18:00 - 18:15;3581,000;0,00;1922,997;Ersatzwert
22.10.2022 18:15 - 18:30;3138,000;0,00;1685,106;Ersatzwert
22.10.2022 18:30 - 18:45;3089,000;0,00;1658,793;Ersatzwert
22.10.2022 18:45 - 19:00;3177,000;0,00;1706,049;Ersatzwert
22.10.2022 19:00 - 19:15;3059,000;0,00;1642,683;Ersatzwert
22.10.2022 19:15 - 19:30;3126,000;0,00;1678,662;Ersatzwert
22.10.2022 19:30 - 19:45;3155,000;0,00;1694,235;Ersatzwert
22.10.2022 19:45 - 20:00;2886,000;0,00;1549,782;Ersatzwert
22.10.2022 20:00 - 20:15;2957,000;0,00;1587,909;Ersatzwert
22.10.2022 20:15 - 20:30;3249,000;0,00;1744,713;Ersatzwert
22.10.2022 20:30 - 20:45;3239,000;0,00;1739,343;Ersatzwert
22.10.2022 20:45 - 21:00;3194,000;0,00;1715,178;Ersatzwert
22.10.2022 21:00 - 21:15;3197,000;0,00;1716,789;Ersatzwert
22.10.2022 21:15 - 21:30;3053,000;0,00;1639,461;Ersatzwert
22.10.2022 21:30 - 21:45;2975,000;0,00;1597,575;Ersatzwert
22.10.2022 21:45 - 22:00;2917,000;0,00;1566,429;Ersatzwert
22.10.2022 22:00 - 22:15;2976,000;0,00;1598,112;Ersatzwert
22.10.2022 22:15 - 22:30;2935,000;0,00;1576,095;Ersatzwert
22.10.2022 22:30 - 22:45;2810,000;0,00;1508,970;Ersatzwert
22.10.2022 22:45 - 23:00;2538,000;0,00;1362,906;Ersatzwert
22.10.2022 23:00 - 23:15;2700,000;0,00;1449,900;Ersatzwert
22.10.2022 23:15 - 23:30;2669,000;0,00;1433,253;Ersatzwert
22.10.2022 23:30 - 23:45;3021,000;0,00;1622,277;Ersatzwert
22.10.2022 23:45 - 00:00;3325,000;0,00;1785,525;Ersatzwert
23.10.2022 00:00 - 00:15;3278,000;0,00;1760,286;Ersatzwert
23.10.2022 00:15 - 00:30;3320,000;0,00;1782,840;Ersatzwert
23.10.2022 00:30 - 00:45;3418,000;0,00;1835,466;Ersatzwert
23.10.2022 00:45 - 01:00;3447,000;0,00;1851,039;Ersatzwert
23.10.2022 01:00 - 01:15;3322,000;0,00;1783,914;Ersatzwert
23.10.2022 01:15 - 01:30;3344,000;0,00;1795,728;Ersatzwert
23.10.2022 01:30 - 01:45;3320,000;0,00;1782,840;Ersatzwert
23.10.2022 01:45 - 02:00;3306,000;0,00;1775,322;Ersatzwert
23.10.2022 02:00 - 02:15;3166,000;0,00;1700,142;Ersatzwert
23.10.2022 02:15 - 02:30;3179,000;0,00;1707,123;Ersatzwert
23.10.2022 02:30 - 02:45;3142,000;0,00;1687,254;Ersatzwert
23.10.2022 02:45 - 03:00;3229,000;0,00;1733,973;Ersatzwert
23.10.2022 03:00 - 03:15;3211,000;0,00;1724,307;Ersatzwert
23.10.2022 03:15 - 03:30;3187,000;0,00;1711,419;Ersatzwert
23.10.2022 03:30 - 03:45;3185,000;0,00;1710,345;Ersatzwert
23.10.2022 03:45 - 04:00;3244,000;0,00;1742,028;Ersatzwert
23.10.2022 04:00 - 04:15;3111,000;0,00;1670,607;Ersatzwert
23.10.2022 04:15 - 04:30;3297,000;0,00;1770,489;Ersatzwert
23.10.2022 04:30 - 04:45;3338,000;0,00;1792,506;Ersatzwert
23.10.2022 04:45 - 05:00;3283,000;0,00;1762,971;Ersatzwert
23.10.2022 05:00 - 05:15;3242,000;0,00;1740,954;Ersatzwert
23.10.2022 05:15 - 05:30;3189,000;0,00;1712,493;Ersatzwert
23.10.2022 05:30 - 05:45;3238,000;0,00;1738,806;Ersatzwert
23.10.2022 05:45 - 06:00;3366,000;0,00;1807,542;Ersatzwert
23.10.2022 06:00 - 06:15;3305,000;0,00;1774,785;Ersatzwert
23.10.2022 06:15 - 06:30;3259,000;0,00;1750,083;Ersatzwert
23.10.2022 06:30 - 06:45;3251,000;0,00;1745,787;Ersatzwert
23.10.2022 06:45 - 07:00;3092,000;0,00;1660,404;Ersatzwert
23.10.2022 07:00 - 07:15;3034,000;0,00;1629,258;Ersatzwert
23.10.2022 07:15 - 07:30;3320,000;0,00;1782,840;Ersatzwert
23.10.2022 07:30 - 07:45;3240,000;0,00;1739,880;Ersatzwert
23.10.2022 07:45 - 08:00;3684,000;0,00;1978,308;Ersatzwert
23.10.2022 08:00 - 08:15;3509,000;0,00;1884,333;Ersatzwert
23.10.2022 08:15 - 08:30;3489,000;0,00;1873,593;Ersatzwert
23.10.2022 08:30 - 08:45;3578,000;0,00;1921,386;Ersatzwert
23.10.2022 08:45 - 09:00;3521,000;0,00;1890,777;Ersatzwert
23.10.2022 09:00 - 09:15;3437,000;0,00;1845,669;Ersatzwert
23.10.2022 09:15 - 09:30;3420,000;0,00;1836,540;Ersatzwert
23.10.2022 09:30 - 09:45;3237,000;0,00;1738,269;Ersatzwert
23.10.2022 09:45 - 10:00;3402,000;0,00;1826,874;Ersatzwert
23.10.2022 10:00 - 10:15;3404,000;0,00;1827,948;Ersatzwert
23.10.2022 10:15 - 10:30;3339,000;0,00;1793,043;Ersatzwert
23.10.2022 10:30 - 10:45;3308,000;0,00;1776,396;Ersatzwert
23.10.2022 10:45 - 11:00;3559,000;0,00;1911,183;Ersatzwert
23.10.2022 11:00 - 11:15;3686,000;0,00;1979,382;Ersatzwert
23.10.2022 11:15 - 11:30;3487,000;0,00;1872,519;Ersatzwert
23.10.2022 11:30 - 11:45;3426,000;0,00;1839,762;Ersatzwert
23.10.2022 11:45 - 12:00;3372,000;0,00;1810,764;Ersatzwert
23.10.2022 12:00 - 12:15;3250,000;0,00;1745,250;Ersatzwert
23.10.2022 12:15 - 12:30;3254,000;0,00;1747,398;Ersatzwert
23.10.2022 12:30 - 12:45;3285,000;0,00;1764,045;Ersatzwert
23.10.2022 12:45 - 13:00;3314,000;0,00;1779,618;Ersatzwert
23.10.2022 13:00 - 13:15;3266,000;0,00;1753,842;Ersatzwert
23.10.2022 13:15 - 13:30;3023,000;0,00;1623,351;Ersatzwert
23.10.2022 13:30 - 13:45;3105,000;0,00;1667,385;Ersatzwert
23.10.2022 13:45 - 14:00;2844,000;0,00;1527,228;Ersatzwert
23.10.2022 14:00 - 14:15;2992,000;0,00;1606,704;Ersatzwert
23.10.2022 14:15 - 14:30;3068,000;0,00;1647,516;Ersatzwert
23.10.2022 14:30 - 14:45;3029,000;0,00;1626,573;Ersatzwert
23.10.2022 14:45 - 15:00;2876,000;0,00;1544,412;Ersatzwert
23.10.2022 15:00 - 15:15;2765,000;0,00;1484,805;Ersatzwert
23.10.2022 15:15 - 15:30;3036,000;0,00;1630,332;Ersatzwert
23.10.2022 15:30 - 15:45;3030,000;0,00;1627,110;Ersatzwert
23.10.2022 15:45 - 16:00;3094,000;0,00;1661,478;Ersatzwert
23.10.2022 16:00 - 16:15;3214,000;0,00;1725,918;Ersatzwert
23.10.2022 16:15 - 16:30;3332,000;0,00;1789,284;Ersatzwert
23.10.2022 16:30 - 16:45;3433,000;0,00;1843,521;Ersatzwert
23.10.2022 16:45 - 17:00;3309,000;0,00;1776,933;Ersatzwert
23.10.2022 17:00 - 17:15;3297,000;0,00;1770,489;Ersatzwert
23.10.2022 17:15 - 17:30;3259,000;0,00;1750,083;Ersatzwert
23.10.2022 17:30 - 17:45;3189,000;0,00;1712,493;Ersatzwert
23.10.2022 17:45 - 18:00;3098,000;0,00;1663,626;Ersatzwert
23.10.2022 18:00 - 18:15;3426,000;0,00;1839,762;Ersatzwert
23.10.2022 18:15 - 18:30;3415,000;0,00;1833,855;Ersatzwert
23.10.2022 18:30 - 18:45;3267,000;0,00;1754,379;Ersatzwert
23.10.2022 18:45 - 19:00;3186,000;0,00;1710,882;Ersatzwert
23.10.2022 19:00 - 19:15;3287,000;0,00;1765,119;Ersatzwert
23.10.2022 19:15 - 19:30;3113,000;0,00;1671,681;Ersatzwert
23.10.2022 19:30 - 19:45;3033,000;0,00;1628,721;Ersatzwert
23.10.2022 19:45 - 20:00;2850,000;0,00;1530,450;Ersatzwert
23.10.2022 20:00 - 20:15;3247,000;0,00;1743,639;Ersatzwert
23.10.2022 20:15 - 20:30;3326,000;0,00;1786,062;Ersatzwert
23.10.2022 20:30 - 20:45;3327,000;0,00;1786,599;Ersatzwert
23.10.2022 20:45 - 21:00;3312,000;0,00;1778,544;Ersatzwert
23.10.2022 21:00 - 21:15;3553,000;0,00;1907,961;Ersatzwert
23.10.2022 21:15 - 21:30;3564,000;0,00;1913,868;Ersatzwert
23.10.2022 21:30 - 21:45;3478,000;0,00;1867,686;Ersatzwert
23.10.2022 21:45 - 22:00;3469,000;0,00;1862,853;Ersatzwert
23.10.2022 22:00 - 22:15;3599,000;0,00;1932,663;Ersatzwert
23.10.2022 22:15 - 22:30;3712,000;0,00;1993,344;Ersatzwert
23.10.2022 22:30 - 22:45;3609,000;0,00;1938,033;Ersatzwert
23.10.2022 22:45 - 23:00;3076,000;0,00;1651,812;Ersatzwert
23.10.2022 23:00 - 23:15;2950,000;0,00;1584,150;Ersatzwert
23.10.2022 23:15 - 23:30;3084,000;0,00;1656,108;Ersatzwert
23.10.2022 23:30 - 23:45;3259,000;0,00;1750,083;Ersatzwert
23.10.2022 23:45 - 00:00;3221,000;0,00;1729,677;Ersatzwert
24.10.2022 00:00 - 00:15;3566,000;0,00;1914,942;Ersatzwert
24.10.2022 00:15 - 00:30;3359,000;0,00;1803,783;Ersatzwert
24.10.2022 00:30 - 00:45;3293,000;0,00;1768,341;Ersatzwert
24.10.2022 00:45 - 01:00;3113,000;0,00;1671,681;Ersatzwert
24.10.2022 01:00 - 01:15;3264,000;0,00;1752,768;Ersatzwert
24.10.2022 01:15 - 01:30;3268,000;0,00;1754,916;Ersatzwert
24.10.2022 01:30 - 01:45;3163,000;0,00;1698,531;Ersatzwert
24.10.2022 01:45 - 02:00;3344,000;0,00;1795,728;Ersatzwert
24.10.2022 02:00 - 02:15;3600,000;0,00;1933,200;Ersatzwert
24.10.2022 02:15 - 02:30;3729,000;0,00;2002,473;Ersatzwert
24.10.2022 02:30 - 02:45;3683,000;0,00;1977,771;Ersatzwert
24.10.2022 02:45 - 03:00;3564,000;0,00;1913,868;Ersatzwert
24.10.2022 03:00 - 03:15;3701,000;0,00;1987,437;Ersatzwert
24.10.2022 03:15 - 03:30;3524,000;0,00;1892,388;Ersatzwert
24.10.2022 03:30 - 03:45;3351,000;0,00;1799,487;Ersatzwert
24.10.2022 03:45 - 04:00;3425,000;0,00;1839,225;Ersatzwert
24.10.2022 04:00 - 04:15;3386,000;0,00;1818,282;Ersatzwert
24.10.2022 04:15 - 04:30;3601,000;0,00;1933,737;Ersatzwert
24.10.2022 04:30 - 04:45;3652,000;0,00;1961,124;Ersatzwert
24.10.2022 04:45 - 05:00;3617,000;0,00;1942,329;Ersatzwert
24.10.2022 05:00 - 05:15;3578,000;0,00;1921,386;Ersatzwert
24.10.2022 05:15 - 05:30;3709,000;0,00;1991,733;Ersatzwert
24.10.2022 05:30 - 05:45;3765,000;0,00;2021,805;Ersatzwert
24.10.2022 05:45 - 06:00;3741,000;0,00;2008,917;Ersatzwert
24.10.2022 06:00 - 06:15;3791,000;0,00;2035,767;Ersatzwert
24.10.2022 06:15 - 06:30;3481,000;0,00;1869,297;Ersatzwert
24.10.2022 06:30 - 06:45;3424,000;0,00;1838,688;Ersatzwert
24.10.2022 06:45 - 07:00;3200,000;0,00;1718,400;Ersatzwert
24.10.2022 07:00 - 07:15;3551,000;0,00;1906,887;Ersatzwert
24.10.2022 07:15 - 07:30;3767,000;0,00;2022,879;Ersatzwert
24.10.2022 07:30 - 07:45;3752,000;0,00;2014,824;Ersatzwert
24.10.2022 07:45 - 08:00;3771,000;0,00;2025,027;Ersatzwert
24.10.2022 08:00 - 08:15;3903,000;0,00;2095,911;Ersatzwert
24.10.2022 08:15 - 08:30;3733,000;0,00;2004,621;Ersatzwert
24.10.2022 08:30 - 08:45;3673,000;0,00;1972,401;Ersatzwert
24.10.2022 08:45 - 09:00;3823,000;0,00;2052,951;Ersatzwert
24.10.2022 09:00 - 09:15;3712,000;0,00;1993,344;Ersatzwert
24.10.2022 09:15 - 09:30;3791,000;0,00;2035,767;Ersatzwert
24.10.2022 09:30 - 09:45;3892,000;0,00;2090,004;Ersatzwert
24.10.2022 09:45 - 10:00;3801,000;0,00;2041,137;Ersatzwert
24.10.2022 10:00 - 10:15;3918,000;0,00;2103,966;Ersatzwert
24.10.2022 10:15 - 10:30;3897,000;0,00;2092,689;Ersatzwert
24.10.2022 10:30 - 10:45;4025,000;0,00;2161,425;Ersatzwert
24.10.2022 10:45 - 11:00;4055,000;0,00;2177,535;Ersatzwert
24.10.2022 11:00 - 11:15;3884,000;0,00;2085,708;Ersatzwert
24.10.2022 11:15 - 11:30;3735,000;0,00;2005,695;Ersatzwert
24.10.2022 11:30 - 11:45;3467,000;0,00;1861,779;Ersatzwert
24.10.2022 11:45 - 12:00;3497,000;0,00;1877,889;Ersatzwert
24.10.2022 12:00 - 12:15;3607,000;0,00;1936,959;Ersatzwert
24.10.2022 12:15 - 12:30;3614,000;0,00;1940,718;Ersatzwert
24.10.2022 12:30 - 12:45;3458,000;0,00;1856,946;Ersatzwert
24.10.2022 12:45 - 13:00;3565,000;0,00;1914,405;Ersatzwert
24.10.2022 13:00 - 13:15;3628,000;0,00;1948,236;Ersatzwert
24.10.2022 13:15 - 13:30;3516,000;0,00;1888,092;Ersatzwert
24.10.2022 13:30 - 13:45;3650,000;0,00;1960,050;Ersatzwert
24.10.2022 13:45 - 14:00;3634,000;0,00;1951,458;Ersatzwert
24.10.2022 14:00 - 14:15;3698,000;0,00;1985,826;Ersatzwert
24.10.2022 14:15 - 14:30;3801,000;0,00;2041,137;Ersatzwert
24.10.2022 14:30 - 14:45;3827,000;0,00;2055,099;Ersatzwert
24.10.2022 14:45 - 15:00;3727,000;0,00;2001,399;Ersatzwert
24.10.2022 15:00 - 15:15;3521,000;0,00;1890,777;Ersatzwert
24.10.2022 15:15 - 15:30;3342,000;0,00;1794,654;Ersatzwert
24.10.2022 15:30 - 15:45;3513,000;0,00;1886,481;Ersatzwert
24.10.2022 15:45 - 16:00;3828,000;0,00;2055,636;Ersatzwert
24.10.2022 16:00 - 16:15;3788,000;0,00;2034,156;Ersatzwert
24.10.2022 16:15 - 16:30;3988,000;0,00;2141,556;Ersatzwert
24.10.2022 16:30 - 16:45;3932,000;0,00;2111,484;Ersatzwert
24.10.2022 16:45 - 17:00;3898,000;0,00;2093,226;Ersatzwert
24.10.2022 17:00 - 17:15;3778,000;0,00;2028,786;Ersatzwert
24.10.2022 17:15 - 17:30;3654,000;0,00;1962,198;Ersatzwert
24.10.2022 17:30 - 17:45;3370,000;0,00;1809,690;Ersatzwert
24.10.2022 17:45 - 18:00;3553,000;0,00;1907,961;Ersatzwert
24.10.2022 18:00 - 18:15;3691,000;0,00;1982,067;Ersatzwert
24.10.2022 18:15 - 18:30;3736,000;0,00;2006,232;Ersatzwert
24.10.2022 18:30 - 18:45;3626,000;0,00;1947,162;Ersatzwert
24.10.2022 18:45 - 19:00;3703,000;0,00;1988,511;Ersatzwert
24.10.2022 19:00 - 19:15;3798,000;0,00;2039,526;Ersatzwert
24.10.2022 19:15 - 19:30;3946,000;0,00;2119,002;Ersatzwert
24.10.2022 19:30 - 19:45;3738,000;0,00;2007,306;Ersatzwert
24.10.2022 19:45 - 20:00;3122,000;0,00;1676,514;Ersatzwert
24.10.2022 20:00 - 20:15;3073,000;0,00;1650,201;Ersatzwert
24.10.2022 20:15 - 20:30;3454,000;0,00;1854,798;Ersatzwert
24.10.2022 20:30 - 20:45;3582,000;0,00;1923,534;Ersatzwert
24.10.2022 20:45 - 21:00;3606,000;0,00;1936,422;Ersatzwert
24.10.2022 21:00 - 21:15;3577,000;0,00;1920,849;Ersatzwert
24.10.2022 21:15 - 21:30;3361,000;0,00;1804,857;Ersatzwert
24.10.2022 21:30 - 21:45;3307,000;0,00;1775,859;Ersatzwert
24.10.2022 21:45 - 22:00;3330,000;0,00;1788,210;Ersatzwert
24.10.2022 22:00 - 22:15;3512,000;0,00;1885,944;Ersatzwert
24.10.2022 22:15 - 22:30;3756,000;0,00;2016,972;Ersatzwert
24.10.2022 22:30 - 22:45;3620,000;0,00;1943,940;Ersatzwert
24.10.2022 22:45 - 23:00;3577,000;0,00;1920,849;Ersatzwert
24.10.2022 23:00 - 23:15;3554,000;0,00;1908,498;Ersatzwert
24.10.2022 23:15 - 23:30;3575,000;0,00;1919,775;Ersatzwert
24.10.2022 23:30 - 23:45;3541,000;0,00;1901,517;Ersatzwert
24.10.2022 23:45 - 00:00;3544,000;0,00;1903,128;Ersatzwert
25.10.2022 00:00 - 00:15;3814,000;0,00;2048,118;Ersatzwert
25.10.2022 00:15 - 00:30;4087,000;0,00;2194,719;Ersatzwert
25.10.2022 00:30 - 00:45;4085,000;0,00;2193,645;Ersatzwert
25.10.2022 00:45 - 01:00;3835,000;0,00;2059,395;Ersatzwert
25.10.2022 01:00 - 01:15;3938,000;0,00;2114,706;Ersatzwert
25.10.2022 01:15 - 01:30;3728,000;0,00;2001,936;Ersatzwert
25.10.2022 01:30 - 01:45;3471,000;0,00;1863,927;Ersatzwert
25.10.2022 01:45 - 02:00;3696,000;0,00;1984,752;Ersatzwert
25.10.2022 02:00 - 02:15;3732,000;0,00;2004,084;Ersatzwert
25.10.2022 02:15 - 02:30;3880,000;0,00;2083,560;Ersatzwert
25.10.2022 02:30 - 02:45;3720,000;0,00;1997,640;Ersatzwert
25.10.2022 02:45 - 03:00;3753,000;0,00;2015,361;Ersatzwert
25.10.2022 03:00 - 03:15;4079,000;0,00;2190,423;Ersatzwert
25.10.2022 03:15 - 03:30;4039,000;0,00;2168,943;Ersatzwert
25.10.2022 03:30 - 03:45;3490,000;0,00;1874,130;Ersatzwert
25.10.2022 03:45 - 04:00;3347,000;0,00;1797,339;Ersatzwert
25.10.2022 04:00 - 04:15;3448,000;0,00;1851,576;Ersatzwert
25.10.2022 04:15 - 04:30;3471,000;0,00;1863,927;Ersatzwert
25.10.2022 04:30 - 04:45;4124,000;0,00;2214,588;Ersatzwert
25.10.2022 04:45 - 05:00;4000,000;0,00;2148,000;Ersatzwert
25.10.2022 05:00 - 05:15;4251,000;0,00;2282,787;Ersatzwert
25.10.2022 05:15 - 05:30;4105,000;0,00;2204,385;Ersatzwert
25.10.2022 05:30 - 05:45;3885,000;0,00;2086,245;Ersatzwert
25.10.2022 05:45 - 06:00;3830,000;0,00;2056,710;Ersatzwert
25.10.2022 06:00 - 06:15;3732,000;0,00;2004,084;Ersatzwert
25.10.2022 06:15 - 06:30;3779,000;0,00;2029,323;Ersatzwert
25.10.2022 06:30 - 06:45;3737,000;0,00;2006,769;Ersatzwert
25.10.2022 06:45 - 07:00;3400,000;0,00;1825,800;Ersatzwert
25.10.2022 07:00 - 07:15;3457,000;0,00;1856,409;Ersatzwert
25.10.2022 07:15 - 07:30;3495,000;0,00;1876,815;Ersatzwert
25.10.2022 07:30 - 07:45;3885,000;0,00;2086,245;Ersatzwert
25.10.2022 07:45 - 08:00;3824,000;0,00;2053,488;Ersatzwert
25.10.2022 08:00 - 08:15;4209,000;0,00;2260,233;Ersatzwert
25.10.2022 08:15 - 08:30;3984,000;0,00;2139,408;Ersatzwert
25.10.2022 08:30 - 08:45;3703,000;0,00;1988,511;Ersatzwert
25.10.2022 08:45 - 09:00;3690,000;0,00;1981,530;Ersatzwert
25.10.2022 09:00 - 09:15;4030,000;0,00;2164,110;Ersatzwert
25.10.2022 09:15 - 09:30;4101,000;0,00;2202,237;Ersatzwert
25.10.2022 09:30 - 09:45;4315,000;0,00;2317,155;Ersatzwert
25.10.2022 09:45 - 10:00;4161,000;0,00;2234,457;Ersatzwert
25.10.2022 10:00 - 10:15;4243,000;0,00;2278,491;Ersatzwert
25.10.2022 10:15 - 10:30;4026,000;0,00;2161,962;Ersatzwert
25.10.2022 10:30 - 10:45;3802,000;0,00;2041,674;Ersatzwert
25.10.2022 10:45 - 11:00;3878,000;0,00;2082,486;Ersatzwert
25.10.2022 11:00 - 11:15;3880,000;0,00;2083,560;Ersatzwert
25.10.2022 11:15 - 11:30;3873,000;0,00;2079,801;Ersatzwert
25.10.2022 11:30 - 11:45;3621,000;0,00;1944,477;Ersatzwert
25.10.2022 11:45 - 12:00;3833,000;0,00;2058,321;Ersatzwert
25.10.2022 12:00 - 12:15;3714,000;0,00;1994,418;Ersatzwert
25.10.2022 12:15 - 12:30;3675,000;0,00;1973,475;Ersatzwert
25.10.2022 12:30 - 12:45;4015,000;0,00;2156,055;Ersatzwert
25.10.2022 12:45 - 13:00;3840,000;0,00;2062,080;Ersatzwert
25.10.2022 13:00 - 13:15;3786,000;0,00;2033,082;Ersatzwert
25.10.2022 13:15 - 13:30;3842,000;0,00;2063,154;Ersatzwert
25.10.2022 13:30 - 13:45;3682,000;0,00;1977,234;Ersatzwert
25.10.2022 13:45 - 14:00;3772,000;0,00;2025,564;Ersatzwert
25.10.2022 14:00 - 14:15;3773,000;0,00;2026,101;Ersatzwert
25.10.2022 14:15 - 14:30;3717,000;0,00;1996,029;Ersatzwert
25.10.2022 14:30 - 14:45;3763,000;0,00;2020,731;Ersatzwert
25.10.2022 14:45 - 15:00;3457,000;0,00;1856,409;Ersatzwert
25.10.2022 15:00 - 15:15;3254,000;0,00;1747,398;Ersatzwert
25.10.2022 15:15 - 15:30;3529,000;0,00;1895,073;Ersatzwert
25.10.2022 15:30 - 15:45;3468,000;0,00;1862,316;Ersatzwert
25.10.2022 15:45 - 16:00;3501,000;0,00;1880,037;Ersatzwert
25.10.2022 16:00 - 16:15;3470,000;0,00;1863,390;Ersatzwert
25.10.2022 16:15 - 16:30;3768,000;0,00;2023,416;Ersatzwert
25.10.2022 16:30 - 16:45;3725,000;0,00;2000,325;Ersatzwert
25.10.2022 16:45 - 17:00;3701,000;0,00;1987,437;Ersatzwert
25.10.2022 17:00 - 17:15;3704,000;0,00;1989,048;Ersatzwert
25.10.2022 17:15 - 17:30;3660,000;0,00;1965,420;Ersatzwert
25.10.2022 17:30 - 17:45;3520,000;0,00;1890,240;Ersatzwert
25.10.2022 17:45 - 18:00;3613,000;0,00;1940,181;Ersatzwert
25.10.2022 18:00 - 18:15;3667,000;0,00;1969,179;Ersatzwert
25.10.2022 18:15 - 18:30;3753,000;0,00;2015,361;Ersatzwert
25.10.2022 18:30 - 18:45;3792,000;0,00;2036,304;Ersatzwert
25.10.2022 18:45 - 19:00;3790,000;0,00;2035,230;Ersatzwert
25.10.2022 19:00 - 19:15;3782,000;0,00;2030,934;Ersatzwert
25.10.2022 19:15 - 19:30;3726,000;0,00;2000,862;Ersatzwert
25.10.2022 19:30 - 19:45;3785,000;0,00;2032,545;Ersatzwert
25.10.2022 19:45 - 20:00;3685,000;0,00;1978,845;Ersatzwert
25.10.2022 20:00 - 20:15;3336,000;0,00;1791,432;Ersatzwert
25.10.2022 20:15 - 20:30;3636,000;0,00;1952,532;Ersatzwert
25.10.2022 20:30 - 20:45;3577,000;0,00;1920,849;Ersatzwert
25.10.2022 20:45 - 21:00;3645,000;0,00;1957,365;Ersatzwert
25.10.2022 21:00 - 21:15;3612,000;0,00;1939,644;Ersatzwert
25.10.2022 21:15 - 21:30;3868,000;0,00;2077,116;Ersatzwert
25.10.2022 21:30 - 21:45;3665,000;0,00;1968,105;Ersatzwert
25.10.2022 21:45 - 22:00;3689,000;0,00;1980,993;Ersatzwert
25.10.2022 22:00 - 22:15;3960,000;0,00;2126,520;Ersatzwert
25.10.2022 22:15 - 22:30;3923,000;0,00;2106,651;Ersatzwert
25.10.2022 22:30 - 22:45;3828,000;0,00;2055,636;Ersatzwert
25.10.2022 22:45 - 23:00;3665,000;0,00;1968,105;Ersatzwert
25.10.2022 23:00 - 23:15;3522,000;0,00;1891,314;Ersatzwert
25.10.2022 23:15 - 23:30;3478,000;0,00;1867,686;Ersatzwert
25.10.2022 23:30 - 23:45;3578,000;0,00;1921,386;Ersatzwert
25.10.2022 23:45 - 00:00;3495,000;0,00;1876,815;Ersatzwert
26.10.2022 00:00 - 00:15;3551,000;0,00;1906,887;Ersatzwert
26.10.2022 00:15 - 00:30;3605,000;0,00;1935,885;Ersatzwert
26.10.2022 00:30 - 00:45;3942,000;0,00;2116,854;Ersatzwert
26.10.2022 00:45 - 01:00;4068,000;0,00;2184,516;Ersatzwert
26.10.2022 01:00 - 01:15;3971,000;0,00;2132,427;Ersatzwert
26.10.2022 01:15 - 01:30;3968,000;0,00;2130,816;Ersatzwert
26.10.2022 01:30 - 01:45;3730,000;0,00;2003,010;Ersatzwert
26.10.2022 01:45 - 02:00;3620,000;0,00;1943,940;Ersatzwert
26.10.2022 02:00 - 02:15;3828,000;0,00;2055,636;Ersatzwert
26.10.2022 02:15 - 02:30;3796,000;0,00;2038,452;Ersatzwert
26.10.2022 02:30 - 02:45;3805,000;0,00;2043,285;Ersatzwert
26.10.2022 02:45 - 03:00;3870,000;0,00;2078,190;Ersatzwert
26.10.2022 03:00 - 03:15;4069,000;0,00;2185,053;Ersatzwert
26.10.2022 03:15 - 03:30;3943,000;0,00;2117,391;Ersatzwert
26.10.2022 03:30 - 03:45;3566,000;0,00;1914,942;Ersatzwert
26.10.2022 03:45 - 04:00;3506,000;0,00;1882,722;Ersatzwert
26.10.2022 04:00 - 04:15;3637,000;0,00;1953,069;Ersatzwert
26.10.2022 04:15 - 04:30;3662,000;0,00;1966,494;Ersatzwert
26.10.2022 04:30 - 04:45;3885,000;0,00;2086,245;Ersatzwert
26.10.2022 04:45 - 05:00;3929,000;0,00;2109,873;Ersatzwert
26.10.2022 05:00 - 05:15;3938,000;0,00;2114,706;Ersatzwert
26.10.2022 05:15 - 05:30;3877,000;0,00;2081,949;Ersatzwert
26.10.2022 05:30 - 05:45;3790,000;0,00;2035,230;Ersatzwert
26.10.2022 05:45 - 06:00;3551,000;0,00;1906,887;Ersatzwert
26.10.2022 06:00 - 06:15;3973,000;0,00;2133,501;Ersatzwert
26.10.2022 06:15 - 06:30;3978,000;0,00;2136,186;Ersatzwert
26.10.2022 06:30 - 06:45;3849,000;0,00;2066,913;Ersatzwert
26.10.2022 06:45 - 07:00;3730,000;0,00;2003,010;Ersatzwert
26.10.2022 07:00 - 07:15;3639,000;0,00;1954,143;Ersatzwert
26.10.2022 07:15 - 07:30;3785,000;0,00;2032,545;Ersatzwert
26.10.2022 07:30 - 07:45;3825,000;0,00;2054,025;Ersatzwert
26.10.2022 07:45 - 08:00;3949,000;0,00;2120,613;Ersatzwert
26.10.2022 08:00 - 08:15;3977,000;0,00;2135,649;Ersatzwert
26.10.2022 08:15 - 08:30;3803,000;0,00;2042,211;Ersatzwert
26.10.2022 08:30 - 08:45;3685,000;0,00;1978,845;Ersatzwert
26.10.2022 08:45 - 09:00;3648,000;0,00;1958,976;Ersatzwert
26.10.2022 09:00 - 09:15;3667,000;0,00;1969,179;Ersatzwert
26.10.2022 09:15 - 09:30;3622,000;0,00;1945,014;Ersatzwert
26.10.2022 09:30 - 09:45;3859,000;0,00;2072,283;Ersatzwert
26.10.2022 09:45 - 10:00;3902,000;0,00;2095,374;Ersatzwert
26.10.2022 10:00 - 10:15;4088,000;0,00;2195,256;Ersatzwert
26.10.2022 10:15 - 10:30;3967,000;0,00;2130,279;Ersatzwert
26.10.2022 10:30 - 10:45;3819,000;0,00;2050,803;Ersatzwert
26.10.2022 10:45 - 11:00;3652,000;0,00;1961,124;Ersatzwert
26.10.2022 11:00 - 11:15;3476,000;0,00;1866,612;Ersatzwert
26.10.2022 11:15 - 11:30;3721,000;0,00;1998,177;Ersatzwert
26.10.2022 11:30 - 11:45;3240,000;0,00;1739,880;Ersatzwert
26.10.2022 11:45 - 12:00;3385,000;0,00;1817,745;Ersatzwert
26.10.2022 12:00 - 12:15;3287,000;0,00;1765,119;Ersatzwert
26.10.2022 12:15 - 12:30;3377,000;0,00;1813,449;Ersatzwert
26.10.2022 12:30 - 12:45;3509,000;0,00;1884,333;Ersatzwert
26.10.2022 12:45 - 13:00;3497,000;0,00;1877,889;Ersatzwert
26.10.2022 13:00 - 13:15;3226,000;0,00;1732,362;Ersatzwert
26.10.2022 13:15 - 13:30;3265,000;0,00;1753,305;Ersatzwert
26.10.2022 13:30 - 13:45;3280,000;0,00;1761,360;Ersatzwert
26.10.2022 13:45 - 14:00;3557,000;0,00;1910,109;Ersatzwert
26.10.2022 14:00 - 14:15;3521,000;0,00;1890,777;Ersatzwert
26.10.2022 14:15 - 14:30;3570,000;0,00;1917,090;Ersatzwert
26.10.2022 14:30 - 14:45;3719,000;0,00;1997,103;Ersatzwert
26.10.2022 14:45 - 15:00;3584,000;0,00;1924,608;Ersatzwert
26.10.2022 15:00 - 15:15;3483,000;0,00;1870,371;Ersatzwert
26.10.2022 15:15 - 15:30;3468,000;0,00;1862,316;Ersatzwert
26.10.2022 15:30 - 15:45;3509,000;0,00;1884,333;Ersatzwert
26.10.2022 15:45 - 16:00;3457,000;0,00;1856,409;Ersatzwert
26.10.2022 16:00 - 16:15;3469,000;0,00;1862,853;Ersatzwert
26.10.2022 16:15 - 16:30;3471,000;0,00;1863,927;Ersatzwert
26.10.2022 16:30 - 16:45;3687,000;0,00;1979,919;Ersatzwert
26.10.2022 16:45 - 17:00;3556,000;0,00;1909,572;Ersatzwert
26.10.2022 17:00 - 17:15;3596,000;0,00;1931,052;Ersatzwert
26.10.2022 17:15 - 17:30;3532,000;0,00;1896,684;Ersatzwert
26.10.2022 17:30 - 17:45;3326,000;0,00;1786,062;Ersatzwert
26.10.2022 17:45 - 18:00;3530,000;0,00;1895,610;Ersatzwert
26.10.2022 18:00 - 18:15;3588,000;0,00;1926,756;Ersatzwert
26.10.2022 18:15 - 18:30;3415,000;0,00;1833,855;Ersatzwert
26.10.2022 18:30 - 18:45;3477,000;0,00;1867,149;Ersatzwert
26.10.2022 18:45 - 19:00;3521,000;0,00;1890,777;Ersatzwert
26.10.2022 19:00 - 19:15;3858,000;0,00;2071,746;Ersatzwert
26.10.2022 19:15 - 19:30;3727,000;0,00;2001,399;Ersatzwert
26.10.2022 19:30 - 19:45;3679,000;0,00;1975,623;Ersatzwert
26.10.2022 19:45 - 20:00;3523,000;0,00;1891,851;Ersatzwert
26.10.2022 20:00 - 20:15;3409,000;0,00;1830,633;Ersatzwert
26.10.2022 20:15 - 20:30;3501,000;0,00;1880,037;Ersatzwert
26.10.2022 20:30 - 20:45;3681,000;0,00;1976,697;Ersatzwert
26.10.2022 20:45 - 21:00;3695,000;0,00;1984,215;Ersatzwert
26.10.2022 21:00 - 21:15;3557,000;0,00;1910,109;Ersatzwert
26.10.2022 21:15 - 21:30;3526,000;0,00;1893,462;Ersatzwert
26.10.2022 21:30 - 21:45;3487,000;0,00;1872,519;Ersatzwert
26.10.2022 21:45 - 22:00;3571,000;0,00;1917,627;Ersatzwert
26.10.2022 22:00 - 22:15;3547,000;0,00;1904,739;Ersatzwert
26.10.2022 22:15 - 22:30;3382,000;0,00;1816,134;Ersatzwert
26.10.2022 22:30 - 22:45;3432,000;0,00;1842,984;Ersatzwert
26.10.2022 22:45 - 23:00;3506,000;0,00;1882,722;Ersatzwert
26.10.2022 23:00 - 23:15;3410,000;0,00;1831,170;Ersatzwert
26.10.2022 23:15 - 23:30;3507,000;0,00;1883,259;Ersatzwert
26.10.2022 23:30 - 23:45;3576,000;0,00;1920,312;Ersatzwert
26.10.2022 23:45 - 00:00;3731,000;0,00;2003,547;Ersatzwert
27.10.2022 00:00 - 00:15;3715,000;0,00;1994,955;Ersatzwert
27.10.2022 00:15 - 00:30;3373,000;0,00;1811,301;Ersatzwert
27.10.2022 00:30 - 00:45;3505,000;0,00;1882,185;Ersatzwert
27.10.2022 00:45 - 01:00;3581,000;0,00;1922,997;Ersatzwert
27.10.2022 01:00 - 01:15;3491,000;0,00;1874,667;Ersatzwert
27.10.2022 01:15 - 01:30;3477,000;0,00;1867,149;Ersatzwert
27.10.2022 01:30 - 01:45;3481,000;0,00;1869,297;Ersatzwert
27.10.2022 01:45 - 02:00;3348,000;0,00;1797,876;Ersatzwert
27.10.2022 02:00 - 02:15;3301,000;0,00;1772,637;Ersatzwert
27.10.2022 02:15 - 02:30;3290,000;0,00;1766,730;Ersatzwert
27.10.2022 02:30 - 02:45;3315,000;0,00;1780,155;Ersatzwert
27.10.2022 02:45 - 03:00;3593,000;0,00;1929,441;Ersatzwert
27.10.2022 03:00 - 03:15;3473,000;0,00;1865,001;Ersatzwert
27.10.2022 03:15 - 03:30;3323,000;0,00;1784,451;Ersatzwert
27.10.2022 03:30 - 03:45;3166,000;0,00;1700,142;Ersatzwert
27.10.2022 03:45 - 04:00;3099,000;0,00;1664,163;Ersatzwert
27.10.2022 04:00 - 04:15;3111,000;0,00;1670,607;Ersatzwert
27.10.2022 04:15 - 04:30;3108,000;0,00;1668,996;Ersatzwert
27.10.2022 04:30 - 04:45;3721,000;0,00;1998,177;Ersatzwert
27.10.2022 04:45 - 05:00;3689,000;0,00;1980,993;Ersatzwert
27.10.2022 05:00 - 05:15;3475,000;0,00;1866,075;Ersatzwert
27.10.2022 05:15 - 05:30;3316,000;0,00;1780,692;Ersatzwert
27.10.2022 05:30 - 05:45;3897,000;0,00;2092,689;Ersatzwert
27.10.2022 05:45 - 06:00;3800,000;0,00;2040,600;Ersatzwert
27.10.2022 06:00 - 06:15;3424,000;0,00;1838,688;Ersatzwert
27.10.2022 06:15 - 06:30;3516,000;0,00;1888,092;Ersatzwert
27.10.2022 06:30 - 06:45;3428,000;0,00;1840,836;Ersatzwert
27.10.2022 06:45 - 07:00;3111,000;0,00;1670,607;Ersatzwert
27.10.2022 07:00 - 07:15;2672,000;0,00;1434,864;Ersatzwert
27.10.2022 07:15 - 07:30;2463,000;0,00;1322,631;Ersatzwert
27.10.2022 07:30 - 07:45;2492,000;0,00;1338,204;Ersatzwert
27.10.2022 07:45 - 08:00;2536,000;0,00;1361,832;Ersatzwert
27.10.2022 08:00 - 08:15;2352,000;0,00;1263,024;Ersatzwert
27.10.2022 08:15 - 08:30;2053,000;0,00;1102,461;Ersatzwert
27.10.2022 08:30 - 08:45;2405,000;0,00;1291,485;Ersatzwert
27.10.2022 08:45 - 09:00;2153,000;0,00;1156,161;Ersatzwert
27.10.2022 09:00 - 09:15;2305,000;0,00;1237,785;Ersatzwert
27.10.2022 09:15 - 09:30;2374,000;0,00;1274,838;Ersatzwert
27.10.2022 09:30 - 09:45;2434,000;0,00;1307,058;Ersatzwert
27.10.2022 09:45 - 10:00;2106,000;0,00;1130,922;Ersatzwert
27.10.2022 10:00 - 10:15;2002,000;0,00;1075,074;Ersatzwert
27.10.2022 10:15 - 10:30;2093,000;0,00;1123,941;Ersatzwert
27.10.2022 10:30 - 10:45;2015,000;0,00;1082,055;Ersatzwert
27.10.2022 10:45 - 11:00;2184,000;0,00;1172,808;Ersatzwert
27.10.2022 11:00 - 11:15;1846,000;0,00;991,302;Ersatzwert
27.10.2022 11:15 - 11:30;1699,000;0,00;912,363;Ersatzwert
27.10.2022 11:30 - 11:45;1763,000;0,00;946,731;Ersatzwert
27.10.2022 11:45 - 12:00;1715,000;0,00;920,955;Ersatzwert
27.10.2022 12:00 - 12:15;1705,000;0,00;915,585;Ersatzwert
27.10.2022 12:15 - 12:30;1775,000;0,00;953,175;Ersatzwert
27.10.2022 12:30 - 12:45;1754,000;0,00;941,898;Ersatzwert
27.10.2022 12:45 - 13:00;1927,000;0,00;1034,799;Ersatzwert
27.10.2022 13:00 - 13:15;1753,000;0,00;941,361;Ersatzwert
27.10.2022 13:15 - 13:30;1861,000;0,00;999,357;Ersatzwert
27.10.2022 13:30 - 13:45;1775,000;0,00;953,175;Ersatzwert
27.10.2022 13:45 - 14:00;1866,000;0,00;1002,042;Ersatzwert
27.10.2022 14:00 - 14:15;1859,000;0,00;998,283;Ersatzwert
27.10.2022 14:15 - 14:30;1662,000;0,00;892,494;Ersatzwert
27.10.2022 14:30 - 14:45;1595,000;0,00;856,515;Ersatzwert
27.10.2022 14:45 - 15:00;1679,000;0,00;901,623;Ersatzwert
27.10.2022 15:00 - 15:15;1762,000;0,00;946,194;Ersatzwert
27.10.2022 15:15 - 15:30;1850,000;0,00;993,450;Ersatzwert
27.10.2022 15:30 - 15:45;1952,000;0,00;1048,224;Ersatzwert
27.10.2022 15:45 - 16:00;1912,000;0,00;1026,744;Ersatzwert
27.10.2022 16:00 - 16:15;1840,000;0,00;988,080;Ersatzwert
27.10.2022 16:15 - 16:30;1919,000;0,00;1030,503;Ersatzwert
27.10.2022 16:30 - 16:45;1877,000;0,00;1007,949;Ersatzwert
27.10.2022 16:45 - 17:00;1675,000;0,00;899,475;Ersatzwert
27.10.2022 17:00 - 17:15;1814,000;0,00;974,118;Ersatzwert
27.10.2022 17:15 - 17:30;1784,000;0,00;958,008;Ersatzwert
27.10.2022 17:30 - 17:45;1865,000;0,00;1001,505;Ersatzwert
27.10.2022 17:45 - 18:00;1785,000;0,00;958,545;Ersatzwert
27.10.2022 18:00 - 18:15;1876,000;0,00;1007,412;Ersatzwert
27.10.2022 18:15 - 18:30;1871,000;0,00;1004,727;Ersatzwert
27.10.2022 18:30 - 18:45;1860,000;0,00;998,820;Ersatzwert
27.10.2022 18:45 - 19:00;1897,000;0,00;1018,689;Ersatzwert
27.10.2022 19:00 - 19:15;1865,000;0,00;1001,505;Ersatzwert
27.10.2022 19:15 - 19:30;1793,000;0,00;962,841;Ersatzwert
27.10.2022 19:30 - 19:45;1831,000;0,00;983,247;Ersatzwert
27.10.2022 19:45 - 20:00;1889,000;0,00;1014,393;Ersatzwert
27.10.2022 20:00 - 20:15;1869,000;0,00;1003,653;Ersatzwert
27.10.2022 20:15 - 20:30;1939,000;0,00;1041,243;Ersatzwert
27.10.2022 20:30 - 20:45;1928,000;0,00;1035,336;Ersatzwert
27.10.2022 20:45 - 21:00;1849,000;0,00;992,913;Ersatzwert
27.10.2022 21:00 - 21:15;1862,000;0,00;999,894;Ersatzwert
27.10.2022 21:15 - 21:30;1871,000;0,00;1004,727;Ersatzwert
27.10.2022 21:30 - 21:45;1901,000;0,00;1020,837;Ersatzwert
27.10.2022 21:45 - 22:00;1892,000;0,00;1016,004;Ersatzwert
27.10.2022 22:00 - 22:15;1855,000;0,00;996,135;Ersatzwert
27.10.2022 22:15 - 22:30;1768,000;0,00;949,416;Ersatzwert
27.10.2022 22:30 - 22:45;1696,000;0,00;910,752;Ersatzwert
27.10.2022 22:45 - 23:00;1763,000;0,00;946,731;Ersatzwert
27.10.2022 23:00 - 23:15;1817,000;0,00;975,729;Ersatzwert
27.10.2022 23:15 - 23:30;1831,000;0,00;983,247;Ersatzwert
27.10.2022 23:30 - 23:45;1951,000;0,00;1047,687;Ersatzwert
27.10.2022 23:45 - 00:00;1883,000;0,00;1011,171;Ersatzwert
28.10.2022 00:00 - 00:15;1609,000;0,00;864,033;Ersatzwert
28.10.2022 00:15 - 00:30;1582,000;0,00;849,534;Ersatzwert
28.10.2022 00:30 - 00:45;1580,000;0,00;848,460;Ersatzwert
28.10.2022 00:45 - 01:00;1736,000;0,00;932,232;Ersatzwert
28.10.2022 01:00 - 01:15;1611,000;0,00;865,107;Ersatzwert
28.10.2022 01:15 - 01:30;1529,000;0,00;821,073;Ersatzwert
28.10.2022 01:30 - 01:45;1572,000;0,00;844,164;Ersatzwert
28.10.2022 01:45 - 02:00;1712,000;0,00;919,344;Ersatzwert
28.10.2022 02:00 - 02:15;1739,000;0,00;933,843;Ersatzwert
28.10.2022 02:15 - 02:30;1632,000;0,00;876,384;Ersatzwert
28.10.2022 02:30 - 02:45;1592,000;0,00;854,904;Ersatzwert
28.10.2022 02:45 - 03:00;1647,000;0,00;884,439;Ersatzwert
28.10.2022 03:00 - 03:15;1499,000;0,00;804,963;Ersatzwert
28.10.2022 03:15 - 03:30;1410,000;0,00;757,170;Ersatzwert
28.10.2022 03:30 - 03:45;1418,000;0,00;761,466;Ersatzwert
28.10.2022 03:45 - 04:00;1594,000;0,00;855,978;Ersatzwert
28.10.2022 04:00 - 04:15;1676,000;0,00;900,012;Ersatzwert
28.10.2022 04:15 - 04:30;1629,000;0,00;874,773;Ersatzwert
28.10.2022 04:30 - 04:45;1475,000;0,00;792,075;Ersatzwert
28.10.2022 04:45 - 05:00;1471,000;0,00;789,927;Ersatzwert
28.10.2022 05:00 - 05:15;1518,000;0,00;815,166;Ersatzwert
28.10.2022 05:15 - 05:30;2153,000;0,00;1156,161;Ersatzwert
28.10.2022 05:30 - 05:45;2117,000;0,00;1136,829;Ersatzwert
28.10.2022 05:45 - 06:00;1902,000;0,00;1021,374;Ersatzwert
28.10.2022 06:00 - 06:15;1838,000;0,00;987,006;Ersatzwert
28.10.2022 06:15 - 06:30;1730,000;0,00;929,010;Ersatzwert
28.10.2022 06:30 - 06:45;1736,000;0,00;932,232;Ersatzwert
28.10.2022 06:45 - 07:00;1768,000;0,00;949,416;Ersatzwert
28.10.2022 07:00 - 07:15;1788,000;0,00;960,156;Ersatzwert
28.10.2022 07:15 - 07:30;1918,000;0,00;1029,966;Ersatzwert
28.10.2022 07:30 - 07:45;2153,000;0,00;1156,161;Ersatzwert
28.10.2022 07:45 - 08:00;2222,000;0,00;1193,214;Ersatzwert
28.10.2022 08:00 - 08:15;2502,000;0,00;1343,574;Ersatzwert
28.10.2022 08:15 - 08:30;2567,000;0,00;1378,479;Ersatzwert
28.10.2022 08:30 - 08:45;2369,000;0,00;1272,153;Ersatzwert
28.10.2022 08:45 - 09:00;2408,000;0,00;1293,096;Ersatzwert
28.10.2022 09:00 - 09:15;2343,000;0,00;1258,191;Ersatzwert
28.10.2022 09:15 - 09:30;2912,000;0,00;1563,744;Ersatzwert
28.10.2022 09:30 - 09:45;2560,000;0,00;1374,720;Ersatzwert
28.10.2022 09:45 - 10:00;2823,000;0,00;1515,951;Ersatzwert
28.10.2022 10:00 - 10:15;2956,000;0,00;1587,372;Ersatzwert
28.10.2022 10:15 - 10:30;2859,000;0,00;1535,283;Ersatzwert
28.10.2022 10:30 - 10:45;2453,000;0,00;1317,261;Ersatzwert
28.10.2022 10:45 - 11:00;2210,000;0,00;1186,770;Ersatzwert
28.10.2022 11:00 - 11:15;2201,000;0,00;1181,937;Ersatzwert
28.10.2022 11:15 - 11:30;2293,000;0,00;1231,341;Ersatzwert
28.10.2022 11:30 - 11:45;2297,000;0,00;1233,489;Ersatzwert
28.10.2022 11:45 - 12:00;2225,000;0,00;1194,825;Ersatzwert
28.10.2022 12:00 - 12:15;2044,000;0,00;1097,628;Ersatzwert
28.10.2022 12:15 - 12:30;2005,000;0,00;1076,685;Ersatzwert
28.10.2022 12:30 - 12:45;2147,000;0,00;1152,939;Ersatzwert
28.10.2022 12:45 - 13:00;2246,000;0,00;1206,102;Ersatzwert
28.10.2022 13:00 - 13:15;2027,000;0,00;1088,499;Ersatzwert
28.10.2022 13:15 - 13:30;1888,000;0,00;1013,856;Ersatzwert
28.10.2022 13:30 - 13:45;2084,000;0,00;1119,108;Ersatzwert
28.10.2022 13:45 - 14:00;1892,000;0,00;1016,004;Ersatzwert
28.10.2022 14:00 - 14:15;1848,000;0,00;992,376;Ersatzwert
28.10.2022 14:15 - 14:30;2015,000;0,00;1082,055;Ersatzwert
28.10.2022 14:30 - 14:45;1953,000;0,00;1048,761;Ersatzwert
28.10.2022 14:45 - 15:00;1898,000;0,00;1019,226;Ersatzwert
28.10.2022 15:00 - 15:15;1940,000;0,00;1041,780;Ersatzwert
28.10.2022 15:15 - 15:30;2180,000;0,00;1170,660;Ersatzwert
28.10.2022 15:30 - 15:45;1981,000;0,00;1063,797;Ersatzwert
28.10.2022 15:45 - 16:00;1965,000;0,00;1055,205;Ersatzwert
28.10.2022 16:00 - 16:15;1863,000;0,00;1000,431;Ersatzwert
28.10.2022 16:15 - 16:30;2052,000;0,00;1101,924;Ersatzwert
28.10.2022 16:30 - 16:45;2221,000;0,00;1192,677;Ersatzwert
28.10.2022 16:45 - 17:00;2081,000;0,00;1117,497;Ersatzwert
28.10.2022 17:00 - 17:15;2427,000;0,00;1303,299;Ersatzwert
28.10.2022 17:15 - 17:30;2304,000;0,00;1237,248;Ersatzwert
28.10.2022 17:30 - 17:45;2461,000;0,00;1321,557;Ersatzwert
28.10.2022 17:45 - 18:00;2484,000;0,00;1333,908;Ersatzwert
28.10.2022 18:00 - 18:15;2456,000;0,00;1318,872;Ersatzwert
28.10.2022 18:15 - 18:30;2466,000;0,00;1324,242;Ersatzwert
28.10.2022 18:30 - 18:45;2588,000;0,00;1389,756;Ersatzwert
28.10.2022 18:45 - 19:00;2417,000;0,00;1297,929;Ersatzwert
28.10.2022 19:00 - 19:15;2475,000;0,00;1329,075;Ersatzwert
28.10.2022 19:15 - 19:30;2498,000;0,00;1341,426;Ersatzwert
28.10.2022 19:30 - 19:45;2467,000;0,00;1324,779;Ersatzwert
28.10.2022 19:45 - 20:00;2453,000;0,00;1317,261;Ersatzwert
28.10.2022 20:00 - 20:15;2465,000;0,00;1323,705;Ersatzwert
28.10.2022 20:15 - 20:30;2445,000;0,00;1312,965;Ersatzwert
28.10.2022 20:30 - 20:45;2431,000;0,00;1305,447;Ersatzwert
28.10.2022 20:45 - 21:00;2541,000;0,00;1364,517;Ersatzwert
28.10.2022 21:00 - 21:15;2408,000;0,00;1293,096;Ersatzwert
28.10.2022 21:15 - 21:30;2196,000;0,00;1179,252;Ersatzwert
28.10.2022 21:30 - 21:45;2209,000;0,00;1186,233;Ersatzwert
28.10.2022 21:45 - 22:00;2292,000;0,00;1230,804;Ersatzwert
28.10.2022 22:00 - 22:15;2365,000;0,00;1270,005;Ersatzwert
28.10.2022 22:15 - 22:30;2442,000;0,00;1311,354;Ersatzwert
28.10.2022 22:30 - 22:45;2464,000;0,00;1323,168;Ersatzwert
28.10.2022 22:45 - 23:00;2396,000;0,00;1286,652;Ersatzwert
28.10.2022 23:00 - 23:15;2396,000;0,00;1286,652;Ersatzwert
28.10.2022 23:15 - 23:30;2349,000;0,00;1261,413;Ersatzwert
28.10.2022 23:30 - 23:45;2342,000;0,00;1257,654;Ersatzwert
28.10.2022 23:45 - 00:00;2283,000;0,00;1225,971;Ersatzwert
